01001,北海道阿寒郡
01001A,北海道阿寒郡阿寒町
01001B,北海道阿寒郡鶴居村
01002,北海道足寄郡
01002A,北海道足寄郡足寄町
01002B,北海道足寄郡陸別町
01003,北海道厚岸郡
01003A,北海道厚岸郡厚岸町
01003B,北海道厚岸郡浜中町
01004,北海道厚田郡
01004A,北海道厚田郡厚田村
01005,北海道網走郡
01005A,北海道網走郡女満別町
01005B,北海道網走郡津別町
01005C,北海道網走郡東藻琴村
01005D,北海道網走郡美幌町
01005E,北海道網走郡大空町
01006,北海道虻田郡後志
01006A,北海道虻田郡後志京極町
01006B,北海道虻田郡後志倶知安町
01006C,北海道虻田郡後志真狩村
01006D,北海道虻田郡後志留寿都村
01006E,北海道虻田郡後志喜茂別町
01006F,北海道虻田郡後志ニセコ町
01007,北海道虻田郡胆振
01007A,北海道虻田郡胆振洞爺村
01007B,北海道虻田郡胆振虻田町
01007C,北海道虻田郡胆振豊浦町
01007D,北海道虻田郡胆振洞爺湖町
01008,北海道石狩郡
01008A,北海道石狩郡石狩町
01008B,北海道石狩郡新篠津村
01008C,北海道石狩郡当別町
01009,北海道磯谷郡
01009A,北海道磯谷郡蘭越町
0101,北海道札幌市
01010,北海道岩内郡
010101,札幌市中央区
010102,札幌市北区
010103,札幌市東区
010104,札幌市白石区
010105,札幌市豊平区
010106,札幌市南区
010107,札幌市西区
010108,札幌市厚別区
010109,札幌市手稲区
01010A,北海道岩内郡岩内町
01010B,北海道岩内郡共和町
01011,北海道有珠郡
010110,札幌市清田区
01011A,北海道有珠郡大滝村
01011B,北海道有珠郡壮瞥町
01012,北海道歌棄郡
01013,北海道浦河郡
01013A,北海道浦河郡浦河町
01014,北海道雨竜郡空知
01014A,北海道雨竜郡空知秩父別町
01014B,北海道雨竜郡空知妹背牛町
01014C,北海道雨竜郡空知雨竜町
01014D,北海道雨竜郡空知沼田町
01014E,北海道雨竜郡空知北竜町
01014F,北海道雨竜郡空知幌加内町
01015,北海道枝幸郡
01015A,北海道枝幸郡歌登町
01015B,北海道枝幸郡枝幸町
01015C,北海道枝幸郡中頓別町
01015D,北海道枝幸郡浜頓別町
01016,北海道奥尻郡
01016A,北海道奥尻郡奥尻町
01017,北海道忍路郡
01018,北海道河西郡
01018A,北海道河西郡更別村
01018B,北海道河西郡中札内村
01018C,北海道河西郡芽室町
01019,北海道河東郡
01019A,北海道河東郡音更町
01019B,北海道河東郡上士幌町
01019C,北海道河東郡鹿追町
01019D,北海道河東郡士幌町
0102,北海道旭川市
01020,北海道樺戸郡
01020A,北海道樺戸郡浦臼町
01020B,北海道樺戸郡新十津川町
01020C,北海道樺戸郡月形町
01021,北海道上磯郡
01021A,北海道上磯郡上磯町
01021B,北海道上磯郡木古内町
01021C,北海道上磯郡知内町
01022,北海道上川郡十勝
01022A,北海道上川郡十勝清水町
01022B,北海道上川郡十勝新得町
01023,北海道上川郡上川
01023A,北海道上川郡上川朝日町
01023B,北海道上川郡上川上川町
01023C,北海道上川郡上川剣淵町
01023D,北海道上川郡上川鷹栖町
01023E,北海道上川郡上川当麻町
01023F,北海道上川郡上川比布町
01023G,北海道上川郡上川愛別町
01023H,北海道上川郡上川下川町
01023I,北海道上川郡上川美瑛町
01023J,北海道上川郡上川東神楽町
01023K,北海道上川郡上川東川町
01023L,北海道上川郡上川風連町
01023M,北海道上川郡上川和寒町
01024,北海道亀田郡
01024A,北海道亀田郡大野町
01024B,北海道亀田郡恵山町
01024C,北海道亀田郡戸井町
01024D,北海道亀田郡椴法華村
01024E,北海道亀田郡七飯町
01025,北海道茅部郡
01025A,北海道茅部郡砂原町
01025B,北海道茅部郡鹿部町
01025C,北海道茅部郡南茅部町
01025D,北海道茅部郡森町
01026,北海道川上郡
01026A,北海道川上郡標茶町
01026B,北海道川上郡弟子屈町
01027,北海道釧路郡
01027A,北海道釧路郡釧路町
01028,北海道久遠郡
01028A,北海道久遠郡大成町
01028B,北海道久遠郡せたな町
01029,北海道札幌郡
01029A,北海道札幌郡広島町
0103,北海道小樽市
01030,北海道様似郡
01030A,北海道様似郡様似町
01031,北海道沙流郡
01031A,北海道沙流郡日高町
01031B,北海道沙流郡平取町
01031C,北海道沙流郡門別町
01032,北海道静内郡
01032A,北海道静内郡静内町
01033,北海道標津郡
01033A,北海道標津郡標津町
01033B,北海道標津郡中標津町
01034,北海道島牧郡
01034A,北海道島牧郡島牧村
01035,北海道積丹郡
01035A,北海道積丹郡積丹町
01036,北海道斜里郡
01036A,北海道斜里郡清里町
01036B,北海道斜里郡小清水町
01036C,北海道斜里郡斜里町
01037,北海道白老郡
01037A,北海道白老郡白老町
01038,北海道白糠郡
01038A,北海道白糠郡音別町
01038B,北海道白糠郡白糠町
01039,北海道寿都郡
01039A,北海道寿都郡黒松内町
01039B,北海道寿都郡寿都町
0104,北海道函館市
01040,北海道瀬棚郡
01040A,北海道瀬棚郡今金町
01040B,北海道瀬棚郡北檜山町
01040C,北海道瀬棚郡瀬棚町
01041,北海道宗谷郡
01041A,北海道宗谷郡猿払村
01042,北海道空知郡空知
01042A,北海道空知郡空知上砂川町
01042B,北海道空知郡空知奈井江町
01042C,北海道空知郡空知南幌町
01042D,北海道空知郡空知北村
01042E,北海道空知郡空知栗沢町
01043,北海道空知郡上川
01043A,北海道空知郡上川中富良野町
01043B,北海道空知郡上川上富良野町
01043C,北海道空知郡上川南富良野町
01044,北海道千歳郡
01045,北海道天塩郡留萌
01045A,北海道天塩郡留萌遠別町
01045B,北海道天塩郡留萌天塩町
01045C,北海道天塩郡留萌幌延町
01046,北海道天塩郡宗谷
01046A,北海道天塩郡宗谷豊富町
01046B,北海道天塩郡宗谷幌延町
01047,北海道十勝郡
01047A,北海道十勝郡浦幌町
01048,北海道常呂郡
01048A,北海道常呂郡訓子府町
01048B,北海道常呂郡置戸町
01048C,北海道常呂郡佐呂間町
01048D,北海道常呂郡端野町
01048E,北海道常呂郡常呂町
01048F,北海道常呂郡留辺蘂町
01049,北海道苫前郡
01049A,北海道苫前郡初山別村
01049B,北海道苫前郡苫前町
01049C,北海道苫前郡羽幌町
0105,北海道室蘭市
01050,北海道中川郡上川
01050A,北海道中川郡上川音威子府村
01050B,北海道中川郡上川中川町
01050C,北海道中川郡上川美深町
01051,北海道中川郡十勝
01051A,北海道中川郡十勝池田町
01051B,北海道中川郡十勝豊頃町
01051C,北海道中川郡十勝本別町
01051D,北海道中川郡十勝幕別町
01052,北海道新冠郡
01052A,北海道新冠郡新冠町
01053,北海道爾志郡
01053A,北海道爾志郡乙部町
01053B,北海道爾志郡熊石町
01054,北海道根室郡
01055,北海道野付郡
01055A,北海道野付郡別海町
01056,北海道花咲郡
01057,北海道浜益郡
01057A,北海道浜益郡浜益村
01058,北海道美国郡
01059,北海道檜山郡
01059A,北海道檜山郡江差町
01059B,北海道檜山郡厚沢部町
01059C,北海道檜山郡上ノ国町
0106,北海道釧路市
01060,北海道広尾郡
01060A,北海道広尾郡大樹町
01060B,北海道広尾郡忠類村
01060C,北海道広尾郡広尾町
01061,北海道太櫓郡
01062,北海道古宇郡
01062A,北海道古宇郡泊村
01062B,北海道古宇郡神恵内村
01063,北海道古平郡
01063A,北海道古平郡古平町
01064,北海道幌泉郡
01064A,北海道幌泉郡えりも町
01065,北海道幌別郡
01066,北海道増毛郡
01066A,北海道増毛郡増毛町
01067,北海道松前郡
01067A,北海道松前郡福島町
01067B,北海道松前郡松前町
01068,北海道三石郡
01068A,北海道三石郡三石町
01069,北海道目梨郡
01069A,北海道目梨郡羅臼町
0107,北海道帯広市
01070,北海道紋別郡
01070A,北海道紋別郡白滝村
01070B,北海道紋別郡丸瀬布町
01070C,北海道紋別郡生田原町
01070D,北海道紋別郡遠軽町
01070E,北海道紋別郡雄武町
01070F,北海道紋別郡興部町
01070G,北海道紋別郡上湧別町
01070H,北海道紋別郡滝上町
01070I,北海道紋別郡西興部村
01070J,北海道紋別郡湧別町
01071,北海道山越郡
01071A,北海道山越郡長万部町
01071B,北海道山越郡八雲町
01072,北海道夕張郡
01072A,北海道夕張郡栗山町
01072B,北海道夕張郡長沼町
01072C,北海道夕張郡由仁町
01073,北海道勇払郡胆振
01073A,北海道勇払郡胆振追分町
01073B,北海道勇払郡胆振鵡川町
01073C,北海道勇払郡胆振厚真町
01073D,北海道勇払郡胆振早来町
01073E,北海道勇払郡胆振穂別町
01073F,北海道勇払郡胆振安平町
01073G,北海道勇払郡胆振むかわ町
01074,北海道勇払郡上川
01074A,北海道勇払郡上川占冠村
01075,北海道余市郡
01075A,北海道余市郡赤井川村
01075B,北海道余市郡仁木町
01075C,北海道余市郡余市町
01076,北海道利尻郡
01076A,北海道利尻郡利尻富士町
01076B,北海道利尻郡利尻町
01077,北海道留萌郡
01077A,北海道留萌郡小平町
01078,北海道礼文郡
01078A,北海道礼文郡礼文町
01079,北海道二海郡
01079A,北海道二海郡八雲町
0108,北海道北見市
01080,北海道日高郡
01080A,北海道日高郡新ひだか町
01081,北海道雨竜郡上川
01081A,北海道雨竜郡上川幌加内町
0109,北海道夕張市
0110,北海道岩見沢市
0111,北海道網走市
0112,北海道留萌市
0113,北海道苫小牧市
0114,北海道稚内市
0115,北海道美唄市
0116,北海道芦別市
0117,北海道江別市
0118,北海道赤平市
0119,北海道紋別市
0120,北海道士別市
0121,北海道名寄市
0122,北海道三笠市
0123,北海道根室市
0124,北海道千歳市
0125,北海道滝川市
0126,北海道砂川市
0127,北海道歌志内市
0128,北海道深川市
0129,北海道富良野市
0130,北海道登別市
0131,北海道恵庭市
0132,北海道亀田市
0133,北海道伊達市
0134,北海道北広島市
0135,北海道石狩市
0136,北海道北斗市
02001,青森県上北郡
02001A,青森県上北郡上北町
02001B,青森県上北郡七戸町
02001C,青森県上北郡東北町
02001D,青森県上北郡野辺地町
02001E,青森県上北郡横浜町
02001F,青森県上北郡下田町
02001G,青森県上北郡天間林村
02001H,青森県上北郡十和田湖町
02001I,青森県上北郡百石町
02001J,青森県上北郡六戸町
02001K,青森県上北郡六ヶ所村
02001L,青森県上北郡おいらせ町
02002,青森県北津軽郡
02002A,青森県北津軽郡金木町
02002B,青森県北津軽郡鶴田町
02002C,青森県北津軽郡中里町
02002D,青森県北津軽郡板柳町
02002E,青森県北津軽郡小泊村
02002F,青森県北津軽郡市浦村
02002G,青森県北津軽郡中泊町
02003,青森県三戸郡
02003A,青森県三戸郡倉石村
02003B,青森県三戸郡階上町
02003C,青森県三戸郡福地村
02003D,青森県三戸郡五戸町
02003E,青森県三戸郡三戸町
02003F,青森県三戸郡新郷村
02003G,青森県三戸郡田子町
02003H,青森県三戸郡名川町
02003I,青森県三戸郡南郷村
02003J,青森県三戸郡南部町
02004,青森県下北郡
02004A,青森県下北郡大畑町
02004B,青森県下北郡大間町
02004C,青森県下北郡風間浦村
02004D,青森県下北郡佐井村
02004E,青森県下北郡脇野沢村
02004F,青森県下北郡川内町
02004G,青森県下北郡東通村
02005,青森県中津軽郡
02005A,青森県中津軽郡相馬村
02005B,青森県中津軽郡西目屋村
02005C,青森県中津軽郡岩木町
02006,青森県西津軽郡
02006A,青森県西津軽郡稲垣村
02006B,青森県西津軽郡柏村
02006C,青森県西津軽郡車力村
02006D,青森県西津軽郡森田村
02006E,青森県西津軽郡鰺ヶ沢町
02006F,青森県西津軽郡岩崎村
02006G,青森県西津軽郡木造町
02006H,青森県西津軽郡深浦町
02007,青森県東津軽郡
02007A,青森県東津軽郡蟹田町
02007B,青森県東津軽郡平舘村
02007C,青森県東津軽郡三厩村
02007D,青森県東津軽郡蓬田村
02007E,青森県東津軽郡今別町
02007F,青森県東津軽郡平内町
02007G,青森県東津軽郡外ヶ浜町
02008,青森県南津軽郡
02008A,青森県南津軽郡碇ヶ関村
02008B,青森県南津軽郡田舎館村
02008C,青森県南津軽郡尾上町
02008D,青森県南津軽郡常盤村
02008E,青森県南津軽郡浪岡町
02008F,青森県南津軽郡藤崎町
02008G,青森県南津軽郡大鰐町
02008H,青森県南津軽郡平賀町
0201,青森県青森市
0202,青森県弘前市
0203,青森県八戸市
0204,青森県黒石市
0205,青森県五所川原市
0206,青森県十和田市
0207,青森県三沢市
0208,青森県むつ市
0209,青森県つがる市
0210,青森県平川市
03001,岩手県胆沢郡
03001A,岩手県胆沢郡金ヶ崎町
03001B,岩手県胆沢郡衣川村
03001C,岩手県胆沢郡胆沢町
03001D,岩手県胆沢郡前沢町
03002,岩手県岩手郡
03002A,岩手県岩手郡松尾村
03002B,岩手県岩手郡岩手町
03002C,岩手県岩手郡葛巻町
03002D,岩手県岩手郡雫石町
03002E,岩手県岩手郡滝沢村
03002F,岩手県岩手郡玉山村
03002G,岩手県岩手郡西根町
03002H,岩手県岩手郡安代町
03003,岩手県江刺郡
03004,岩手県上閉伊郡
03004A,岩手県上閉伊郡大槌町
03004B,岩手県上閉伊郡宮守村
03005,岩手県九戸郡
03005A,岩手県九戸郡大野村
03005B,岩手県九戸郡種市町
03005C,岩手県九戸郡野田村
03005D,岩手県九戸郡軽米町
03005E,岩手県九戸郡九戸村
03005F,岩手県九戸郡山形村
03005G,岩手県九戸郡洋野町
03006,岩手県気仙郡
03006A,岩手県気仙郡三陸町
03006B,岩手県気仙郡住田町
03007,岩手県下閉伊郡
03007A,岩手県下閉伊郡田野畑村
03007B,岩手県下閉伊郡田老町
03007C,岩手県下閉伊郡新里村
03007D,岩手県下閉伊郡普代村
03007E,岩手県下閉伊郡岩泉町
03007F,岩手県下閉伊郡川井村
03007G,岩手県下閉伊郡山田町
03008,岩手県紫波郡
03008A,岩手県紫波郡矢巾町
03008B,岩手県紫波郡紫波町
03008C,岩手県紫波郡都南村
03009,岩手県西磐井郡
03009A,岩手県西磐井郡平泉町
03009B,岩手県西磐井郡花泉町
0301,岩手県盛岡市
03010,岩手県二戸郡
03010A,岩手県二戸郡浄法寺町
03010B,岩手県二戸郡安代町
03010C,岩手県二戸郡一戸町
03011,岩手県稗貫郡
03011A,岩手県稗貫郡大迫町
03011B,岩手県稗貫郡石鳥谷町
03012,岩手県東磐井郡
03012A,岩手県東磐井郡川崎村
03012B,岩手県東磐井郡東山町
03012C,岩手県東磐井郡千厩町
03012D,岩手県東磐井郡大東町
03012E,岩手県東磐井郡藤沢町
03012F,岩手県東磐井郡室根村
03013,岩手県和賀郡
03013A,岩手県和賀郡江釣子村
03013B,岩手県和賀郡沢内村
03013C,岩手県和賀郡東和町
03013D,岩手県和賀郡湯田町
03013E,岩手県和賀郡和賀町
03013F,岩手県和賀郡西和賀町
0302,岩手県釜石市
0303,岩手県宮古市
0304,岩手県一関市
0305,岩手県大船渡市
0306,岩手県水沢市
0307,岩手県花巻市
0308,岩手県北上市
0309,岩手県久慈市
0310,岩手県遠野市
0311,岩手県陸前高田市
0312,岩手県江刺市
0313,岩手県二戸市
0314,岩手県八幡平市
0315,岩手県奥州市
0316,岩手県滝沢市
04001,秋田県雄勝郡
04001A,秋田県雄勝郡東成瀬村
04001B,秋田県雄勝郡稲川町
04001C,秋田県雄勝郡羽後町
04001D,秋田県雄勝郡雄勝町
04001E,秋田県雄勝郡皆瀬村
04002,秋田県鹿角郡
04002A,秋田県鹿角郡小坂町
04003,秋田県河辺郡
04003A,秋田県河辺郡河辺町
04003B,秋田県河辺郡雄和町
04004,秋田県北秋田郡
04004A,秋田県北秋田郡上小阿仁村
04004B,秋田県北秋田郡合川町
04004C,秋田県北秋田郡阿仁町
04004D,秋田県北秋田郡鷹巣町
04004E,秋田県北秋田郡田代町
04004F,秋田県北秋田郡比内町
04004G,秋田県北秋田郡森吉町
04005,秋田県仙北郡
04005A,秋田県仙北郡太田町
04005B,秋田県仙北郡神岡町
04005C,秋田県仙北郡六郷町
04005D,秋田県仙北郡角館町
04005E,秋田県仙北郡協和町
04005F,秋田県仙北郡仙北町
04005G,秋田県仙北郡仙南村
04005H,秋田県仙北郡千畑町
04005I,秋田県仙北郡田沢湖町
04005J,秋田県仙北郡中仙町
04005K,秋田県仙北郡南外村
04005L,秋田県仙北郡西木村
04005M,秋田県仙北郡西仙北町
04005N,秋田県仙北郡美郷町
04006,秋田県平鹿郡
04006A,秋田県平鹿郡山内村
04006B,秋田県平鹿郡大雄村
04006C,秋田県平鹿郡大森町
04006D,秋田県平鹿郡雄物川町
04006E,秋田県平鹿郡十文字町
04006F,秋田県平鹿郡平鹿町
04006G,秋田県平鹿郡増田町
04007,秋田県南秋田郡
04007A,秋田県南秋田郡飯田川町
04007B,秋田県南秋田郡井川町
04007C,秋田県南秋田郡昭和町
04007D,秋田県南秋田郡八郎潟町
04007E,秋田県南秋田郡大潟村
04007F,秋田県南秋田郡五城目町
04007G,秋田県南秋田郡天王町
04007H,秋田県南秋田郡若美町
04008,秋田県山本郡
04008A,秋田県山本郡八森町
04008B,秋田県山本郡八竜町
04008C,秋田県山本郡藤里町
04008D,秋田県山本郡峰浜村
04008E,秋田県山本郡山本町
04008F,秋田県山本郡琴丘町
04008G,秋田県山本郡二ツ井町
04008H,秋田県山本郡三種町
04008I,秋田県山本郡八峰町
04009,秋田県由利郡
04009A,秋田県由利郡金浦町
04009B,秋田県由利郡西目町
04009C,秋田県由利郡東由利町
04009D,秋田県由利郡矢島町
04009E,秋田県由利郡由利町
04009F,秋田県由利郡岩城町
04009G,秋田県由利郡大内町
04009H,秋田県由利郡象潟町
04009I,秋田県由利郡鳥海町
04009J,秋田県由利郡仁賀保町
0401,秋田県秋田市
0402,秋田県能代市
0403,秋田県大館市
0404,秋田県横手市
0405,秋田県本荘市
0406,秋田県男鹿市
0407,秋田県湯沢市
0408,秋田県大曲市
0409,秋田県鹿角市
0410,秋田県由利本荘市
0411,秋田県潟上市
0412,秋田県大仙市
0413,秋田県北秋田市
0414,秋田県にかほ市
0415,秋田県仙北市
05001,山形県飽海郡
05001A,山形県飽海郡八幡町
05001B,山形県飽海郡平田町
05001C,山形県飽海郡松山町
05001D,山形県飽海郡遊佐町
05002,山形県北村山郡
05002A,山形県北村山郡大石田町
05003,山形県西置賜郡
05003A,山形県西置賜郡飯豊町
05003B,山形県西置賜郡小国町
05003C,山形県西置賜郡白鷹町
05004,山形県西田川郡
05004A,山形県西田川郡温海町
05005,山形県西村山郡
05005A,山形県西村山郡河北町
05005B,山形県西村山郡朝日町
05005C,山形県西村山郡大江町
05005D,山形県西村山郡西川町
05006,山形県東置賜郡
05006A,山形県東置賜郡川西町
05006B,山形県東置賜郡高畠町
05007,山形県東田川郡
05007A,山形県東田川郡櫛引町
05007B,山形県東田川郡藤島町
05007C,山形県東田川郡三川町
05007D,山形県東田川郡朝日村
05007E,山形県東田川郡余目町
05007F,山形県東田川郡立川町
05007G,山形県東田川郡羽黒町
05007H,山形県東田川郡庄内町
05008,山形県東村山郡
05008A,山形県東村山郡中山町
05008B,山形県東村山郡山辺町
05009,山形県南置賜郡
0501,山形県山形市
05010,山形県南村山郡
05011,山形県最上郡
05011A,山形県最上郡金山町
05011B,山形県最上郡鮭川村
05011C,山形県最上郡大蔵村
05011D,山形県最上郡戸沢村
05011E,山形県最上郡舟形町
05011F,山形県最上郡真室川町
05011G,山形県最上郡最上町
0502,山形県米沢市
0503,山形県鶴岡市
0504,山形県酒田市
0505,山形県新庄市
0506,山形県寒河江市
0507,山形県上山市
0508,山形県村山市
0509,山形県長井市
0510,山形県天童市
0511,山形県東根市
0512,山形県尾花沢市
0513,山形県南陽市
06001,宮城県伊具郡
06001A,宮城県伊具郡丸森町
06002,宮城県牡鹿郡
06002A,宮城県牡鹿郡女川町
06002B,宮城県牡鹿郡牡鹿町
06003,宮城県刈田郡
06003A,宮城県刈田郡蔵王町
06003B,宮城県刈田郡七ヶ宿町
06004,宮城県加美郡
06004A,宮城県加美郡小野田町
06004B,宮城県加美郡色麻町
06004C,宮城県加美郡中新田町
06004D,宮城県加美郡宮崎町
06004E,宮城県加美郡加美町
06005,宮城県栗原郡
06005A,宮城県栗原郡鶯沢町
06005B,宮城県栗原郡志波姫町
06005C,宮城県栗原郡瀬峰町
06005D,宮城県栗原郡高清水町
06005E,宮城県栗原郡一迫町
06005F,宮城県栗原郡金成町
06005G,宮城県栗原郡栗駒町
06005H,宮城県栗原郡築館町
06005I,宮城県栗原郡花山村
06005J,宮城県栗原郡若柳町
06006,宮城県黒川郡
06006A,宮城県黒川郡大郷町
06006B,宮城県黒川郡大衡村
06006C,宮城県黒川郡富谷町
06006D,宮城県黒川郡大和町
06007,宮城県志田郡
06007A,宮城県志田郡鹿島台町
06007B,宮城県志田郡三本木町
06007C,宮城県志田郡松山町
06008,宮城県柴田郡
06008A,宮城県柴田郡大河原町
06008B,宮城県柴田郡川崎町
06008C,宮城県柴田郡柴田町
06008D,宮城県柴田郡村田町
06009,宮城県玉造郡
06009A,宮城県玉造郡岩出山町
06009B,宮城県玉造郡鳴子町
0601,宮城県仙台市
06010,宮城県遠田郡
060101,仙台市青葉区
060102,仙台市宮城野区
060103,仙台市若林区
060104,仙台市太白区
060105,仙台市泉区
06010A,宮城県遠田郡小牛田町
06010B,宮城県遠田郡南郷町
06010C,宮城県遠田郡田尻町
06010D,宮城県遠田郡涌谷町
06010E,宮城県遠田郡美里町
06011,宮城県登米郡
06011A,宮城県登米郡石越町
06011B,宮城県登米郡豊里町
06011C,宮城県登米郡登米町
06011D,宮城県登米郡南方町
06011E,宮城県登米郡米山町
06011F,宮城県登米郡東和町
06011G,宮城県登米郡中田町
06011H,宮城県登米郡迫町
06012,宮城県名取郡
06012A,宮城県名取郡秋保町
06013,宮城県宮城郡
06013A,宮城県宮城郡七ヶ浜町
06013B,宮城県宮城郡松島町
06013C,宮城県宮城郡利府町
06013D,宮城県宮城郡宮城町
06014,宮城県本吉郡
06014A,宮城県本吉郡歌津町
06014B,宮城県本吉郡唐桑町
06014C,宮城県本吉郡志津川町
06014D,宮城県本吉郡津山町
06014E,宮城県本吉郡本吉町
06014F,宮城県本吉郡南三陸町
06015,宮城県桃生郡
06015A,宮城県桃生郡雄勝町
06015B,宮城県桃生郡北上町
06015C,宮城県桃生郡桃生町
06015D,宮城県桃生郡河南町
06015E,宮城県桃生郡河北町
06015F,宮城県桃生郡鳴瀬町
06015G,宮城県桃生郡矢本町
06016,宮城県亘理郡
06016A,宮城県亘理郡亘理町
06016B,宮城県亘理郡山元町
0602,宮城県石巻市
0603,宮城県塩竈市
0604,宮城県古川市
0605,宮城県気仙沼市
0606,宮城県白石市
0607,宮城県名取市
0608,宮城県角田市
0609,宮城県多賀城市
0610,宮城県泉市
0611,宮城県岩沼市
0612,宮城県登米市
0613,宮城県栗原市
0614,宮城県東松島市
0615,宮城県大崎市
0616,宮城県富谷市
07001,福島県安積郡
07002,福島県安達郡
07002A,福島県安達郡本宮町
07002B,福島県安達郡安達町
07002C,福島県安達郡岩代町
07002D,福島県安達郡大玉村
07002E,福島県安達郡白沢村
07002F,福島県安達郡東和町
07003,福島県石川郡
07003A,福島県石川郡浅川町
07003B,福島県石川郡石川町
07003C,福島県石川郡玉川村
07003D,福島県石川郡平田村
07003E,福島県石川郡古殿町
07004,福島県石城郡
07005,福島県岩瀬郡
07005A,福島県岩瀬郡鏡石町
07005B,福島県岩瀬郡岩瀬村
07005C,福島県岩瀬郡天栄村
07005D,福島県岩瀬郡長沼町
07006,福島県大沼郡
07006A,福島県大沼郡新鶴村
07006B,福島県大沼郡会津本郷町
07006C,福島県大沼郡会津高田町
07006D,福島県大沼郡金山町
07006E,福島県大沼郡昭和村
07006F,福島県大沼郡三島町
07006G,福島県大沼郡会津美里町
07007,福島県河沼郡
07007A,福島県河沼郡河東町
07007B,福島県河沼郡湯川村
07007C,福島県河沼郡会津坂下町
07007D,福島県河沼郡柳津町
07008,福島県北会津郡
07008A,福島県北会津郡北会津村
07009,福島県信夫郡
0701,福島県福島市
07010,福島県相馬郡
07010A,福島県相馬郡小高町
07010B,福島県相馬郡飯舘村
07010C,福島県相馬郡鹿島町
07010D,福島県相馬郡新地町
07011,福島県伊達郡
07011A,福島県伊達郡飯野町
07011B,福島県伊達郡国見町
07011C,福島県伊達郡桑折町
07011D,福島県伊達郡月舘町
07011E,福島県伊達郡保原町
07011F,福島県伊達郡梁川町
07011G,福島県伊達郡霊山町
07011H,福島県伊達郡川俣町
07011I,福島県伊達郡伊達町
07012,福島県田村郡
07012A,福島県田村郡滝根町
07012B,福島県田村郡常葉町
07012C,福島県田村郡都路村
07012D,福島県田村郡大越町
07012E,福島県田村郡小野町
07012F,福島県田村郡船引町
07012G,福島県田村郡三春町
07013,福島県西白河郡
07013A,福島県西白河郡泉崎村
07013B,福島県西白河郡表郷村
07013C,福島県西白河郡大信村
07013D,福島県西白河郡中島村
07013E,福島県西白河郡西郷村
07013F,福島県西白河郡東村
07013G,福島県西白河郡矢吹町
07014,福島県東白川郡
07014A,福島県東白川郡鮫川村
07014B,福島県東白川郡古殿町
07014C,福島県東白川郡棚倉町
07014D,福島県東白川郡塙町
07014E,福島県東白川郡矢祭町
07015,福島県双葉郡
07015A,福島県双葉郡大熊町
07015B,福島県双葉郡富岡町
07015C,福島県双葉郡広野町
07015D,福島県双葉郡双葉町
07015E,福島県双葉郡葛尾村
07015F,福島県双葉郡川内村
07015G,福島県双葉郡浪江町
07015H,福島県双葉郡楢葉町
07016,福島県南会津郡
07016A,福島県南会津郡舘岩村
07016B,福島県南会津郡南郷村
07016C,福島県南会津郡檜枝岐村
07016D,福島県南会津郡伊南村
07016E,福島県南会津郡下郷町
07016F,福島県南会津郡田島町
07016G,福島県南会津郡只見町
07016H,福島県南会津郡南会津町
07017,福島県耶麻郡
07017A,福島県耶麻郡塩川町
07017B,福島県耶麻郡磐梯町
07017C,福島県耶麻郡熱塩加納村
07017D,福島県耶麻郡猪苗代町
07017E,福島県耶麻郡北塩原村
07017F,福島県耶麻郡高郷村
07017G,福島県耶麻郡西会津町
07017H,福島県耶麻郡山都町
0702,福島県会津若松市
0703,福島県郡山市
0704,福島県平市
0705,福島県白河市
0706,福島県原町市
0707,福島県須賀川市
0708,福島県喜多方市
0709,福島県常磐市
0710,福島県磐城市
0711,福島県相馬市
0712,福島県内郷市
0713,福島県勿来市
0714,福島県二本松市
0715,福島県いわき市
0716,福島県若松市
0717,福島県田村市
0718,福島県南相馬市
0719,福島県伊達市
0720,福島県本宮市
08001,新潟県岩船郡
08001A,新潟県岩船郡荒川町
08001B,新潟県岩船郡粟島浦村
08001C,新潟県岩船郡関川村
08001D,新潟県岩船郡朝日村
08001E,新潟県岩船郡神林村
08001F,新潟県岩船郡山北町
08002,新潟県刈羽郡
08002A,新潟県刈羽郡高柳町
08002B,新潟県刈羽郡小国町
08002C,新潟県刈羽郡刈羽村
08002D,新潟県刈羽郡西山町
08003,新潟県北魚沼郡
08003A,新潟県北魚沼郡入広瀬村
08003B,新潟県北魚沼郡小出町
08003C,新潟県北魚沼郡守門村
08003D,新潟県北魚沼郡堀之内町
08003E,新潟県北魚沼郡湯之谷村
08003F,新潟県北魚沼郡川口町
08003G,新潟県北魚沼郡広神村
08004,新潟県北蒲原郡
08004A,新潟県北蒲原郡京ヶ瀬村
08004B,新潟県北蒲原郡黒川村
08004C,新潟県北蒲原郡笹神村
08004D,新潟県北蒲原郡紫雲寺町
08004E,新潟県北蒲原郡安田町
08004F,新潟県北蒲原郡加治川村
08004G,新潟県北蒲原郡水原町
08004H,新潟県北蒲原郡聖籠町
08004I,新潟県北蒲原郡豊浦町
08004J,新潟県北蒲原郡中条町
08005,新潟県古志郡
08005A,新潟県古志郡山古志村
08006,新潟県佐渡郡
08006A,新潟県佐渡郡赤泊村
08006B,新潟県佐渡郡小木町
08006C,新潟県佐渡郡新穂村
08006D,新潟県佐渡郡相川町
08006E,新潟県佐渡郡金井町
08006F,新潟県佐渡郡佐和田町
08006G,新潟県佐渡郡畑野町
08006H,新潟県佐渡郡羽茂町
08006I,新潟県佐渡郡真野町
08007,新潟県三島郡
08007A,新潟県三島郡与板町
08007B,新潟県三島郡和島村
08007C,新潟県三島郡出雲崎町
08007D,新潟県三島郡越路町
08007E,新潟県三島郡寺泊町
08007F,新潟県三島郡三島町
08008,新潟県中魚沼郡
08008A,新潟県中魚沼郡川西町
08008B,新潟県中魚沼郡津南町
08008C,新潟県中魚沼郡中里村
08009,新潟県中蒲原郡
08009A,新潟県中蒲原郡亀田町
08009B,新潟県中蒲原郡小須戸町
08009C,新潟県中蒲原郡横越町
08009D,新潟県中蒲原郡村松町
0801,新潟県新潟市
08010,新潟県中頸城郡
080101,新潟市北区
080102,新潟市東区
080103,新潟市中央区
080104,新潟市江南区
080105,新潟市秋葉区
080106,新潟市南区
080107,新潟市西区
080108,新潟市西蒲区
08010A,新潟県中頸城郡板倉町
08010B,新潟県中頸城郡大潟町
08010C,新潟県中頸城郡清里村
08010D,新潟県中頸城郡中郷村
08010E,新潟県中頸城郡妙高高原町
08010F,新潟県中頸城郡柿崎町
08010G,新潟県中頸城郡頸城村
08010H,新潟県中頸城郡三和村
08010I,新潟県中頸城郡妙高村
08010J,新潟県中頸城郡吉川町
08011,新潟県西蒲原郡
08011A,新潟県西蒲原郡味方村
08011B,新潟県西蒲原郡岩室村
08011C,新潟県西蒲原郡潟東村
08011D,新潟県西蒲原郡黒埼町
08011E,新潟県西蒲原郡月潟村
08011F,新潟県西蒲原郡中之口村
08011G,新潟県西蒲原郡西川町
08011H,新潟県西蒲原郡分水町
08011I,新潟県西蒲原郡弥彦村
08011J,新潟県西蒲原郡巻町
08011K,新潟県西蒲原郡吉田町
08012,新潟県西頸城郡
08012A,新潟県西頸城郡名立町
08012B,新潟県西頸城郡青海町
08012C,新潟県西頸城郡能生町
08013,新潟県東蒲原郡
08013A,新潟県東蒲原郡津川町
08013B,新潟県東蒲原郡鹿瀬町
08013C,新潟県東蒲原郡上川村
08013D,新潟県東蒲原郡三川村
08013E,新潟県東蒲原郡阿賀町
08014,新潟県東頸城郡
08014A,新潟県東頸城郡浦川原村
08014B,新潟県東頸城郡牧村
08014C,新潟県東頸城郡大島村
08014D,新潟県東頸城郡松代町
08014E,新潟県東頸城郡松之山町
08014F,新潟県東頸城郡安塚町
08015,新潟県南魚沼郡
08015A,新潟県南魚沼郡塩沢町
08015B,新潟県南魚沼郡六日町
08015C,新潟県南魚沼郡大和町
08015D,新潟県南魚沼郡湯沢町
08016,新潟県南蒲原郡
08016A,新潟県南蒲原郡栄町
08016B,新潟県南蒲原郡田上町
08016C,新潟県南蒲原郡下田村
08016D,新潟県南蒲原郡中之島町
0802,新潟県長岡市
0803,新潟県高田市
0804,新潟県三条市
0805,新潟県柏崎市
0806,新潟県新発田市
0807,新潟県新津市
0808,新潟県小千谷市
0809,新潟県加茂市
0810,新潟県十日町市
0811,新潟県見附市
0812,新潟県村上市
0813,新潟県燕市
0814,新潟県直江津市
0815,新潟県栃尾市
0816,新潟県糸魚川市
0817,新潟県新井市
0818,新潟県五泉市
0819,新潟県両津市
0820,新潟県白根市
0821,新潟県豊栄市
0822,新潟県上越市
0823,新潟県阿賀野市
0824,新潟県佐渡市
0825,新潟県魚沼市
0826,新潟県南魚沼市
0827,新潟県妙高市
0828,新潟県胎内市
09001,長野県上伊那郡
09001A,長野県上伊那郡南箕輪村
09001B,長野県上伊那郡箕輪町
09001C,長野県上伊那郡宮田村
09001D,長野県上伊那郡飯島町
09001E,長野県上伊那郡高遠町
09001F,長野県上伊那郡辰野町
09001G,長野県上伊那郡中川村
09001H,長野県上伊那郡長谷村
09002,長野県上高井郡
09002A,長野県上高井郡小布施町
09002B,長野県上高井郡高山村
09003,長野県上水内郡
09003A,長野県上水内郡小川村
09003B,長野県上水内郡鬼無里村
09003C,長野県上水内郡三水村
09003D,長野県上水内郡信濃町
09003E,長野県上水内郡豊野町
09003F,長野県上水内郡中条村
09003G,長野県上水内郡牟礼村
09003H,長野県上水内郡信州新町
09003I,長野県上水内郡戸隠村
09003J,長野県上水内郡飯綱町
09004,長野県木曽郡
09004A,長野県木曽郡上松町
09004B,長野県木曽郡王滝村
09004C,長野県木曽郡大桑村
09004D,長野県木曽郡開田村
09004E,長野県木曽郡木祖村
09004F,長野県木曽郡木曽福島町
09004G,長野県木曽郡楢川村
09004H,長野県木曽郡日義村
09004I,長野県木曽郡三岳村
09004J,長野県木曽郡南木曽町
09004K,長野県木曽郡山口村
09004L,長野県木曽郡木曽町
09005,長野県北安曇郡
09005A,長野県北安曇郡池田町
09005B,長野県北安曇郡松川村
09005C,長野県北安曇郡美麻村
09005D,長野県北安曇郡八坂村
09005E,長野県北安曇郡小谷村
09005F,長野県北安曇郡白馬村
09006,長野県北佐久郡
09006A,長野県北佐久郡浅科村
09006B,長野県北佐久郡軽井沢町
09006C,長野県北佐久郡北御牧村
09006D,長野県北佐久郡望月町
09006E,長野県北佐久郡立科町
09006F,長野県北佐久郡御代田町
09007,長野県更級郡
09007A,長野県更級郡大岡村
09007B,長野県更級郡上山田町
09008,長野県下伊那郡
09008A,長野県下伊那郡阿智村
09008B,長野県下伊那郡売木村
09008C,長野県下伊那郡大鹿村
09008D,長野県下伊那郡上村
09008E,長野県下伊那郡鼎町
09008F,長野県下伊那郡上郷町
09008G,長野県下伊那郡下條村
09008H,長野県下伊那郡清内路村
09008I,長野県下伊那郡喬木村
09008J,長野県下伊那郡浪合村
09008K,長野県下伊那郡根羽村
09008L,長野県下伊那郡平谷村
09008M,長野県下伊那郡泰阜村
09008N,長野県下伊那郡阿南町
09008O,長野県下伊那郡高森町
09008P,長野県下伊那郡天龍村
09008Q,長野県下伊那郡豊丘村
09008R,長野県下伊那郡松川町
09008S,長野県下伊那郡南信濃村
09009,長野県下高井郡
09009A,長野県下高井郡木島平村
09009B,長野県下高井郡野沢温泉村
09009C,長野県下高井郡山ノ内町
0901,長野県長野市
09010,長野県下水内郡
09010A,長野県下水内郡豊田村
09010B,長野県下水内郡栄村
09011,長野県諏訪郡
09011A,長野県諏訪郡下諏訪町
09011B,長野県諏訪郡原村
09011C,長野県諏訪郡富士見町
09012,長野県小県郡
09012A,長野県小県郡青木村
09012B,長野県小県郡武石村
09012C,長野県小県郡長門町
09012D,長野県小県郡和田村
09012E,長野県小県郡真田町
09012F,長野県小県郡東部町
09012G,長野県小県郡丸子町
09012H,長野県小県郡長和町
09014,長野県埴科郡
09014A,長野県埴科郡戸倉町
09014B,長野県埴科郡坂城町
09015,長野県東筑摩郡
09015A,長野県東筑摩郡明科町
09015B,長野県東筑摩郡朝日村
09015C,長野県東筑摩郡麻績村
09015D,長野県東筑摩郡坂井村
09015E,長野県東筑摩郡坂北村
09015F,長野県東筑摩郡波田町
09015G,長野県東筑摩郡本城村
09015H,長野県東筑摩郡山形村
09015I,長野県東筑摩郡生坂村
09015J,長野県東筑摩郡四賀村
09015K,長野県東筑摩郡筑北村
09016,長野県南安曇郡
09016A,長野県南安曇郡梓川村
09016B,長野県南安曇郡安曇村
09016C,長野県南安曇郡豊科町
09016D,長野県南安曇郡奈川村
09016E,長野県南安曇郡堀金村
09016F,長野県南安曇郡三郷村
09016G,長野県南安曇郡穂高町
09017,長野県南佐久郡
09017A,長野県南佐久郡川上村
09017B,長野県南佐久郡北相木村
09017C,長野県南佐久郡小海町
09017D,長野県南佐久郡南相木村
09017E,長野県南佐久郡南牧村
09017F,長野県南佐久郡八千穂村
09017G,長野県南佐久郡臼田町
09017H,長野県南佐久郡佐久町
09017I,長野県南佐久郡佐久穂町
0902,長野県松本市
0903,長野県上田市
0904,長野県岡谷市
0905,長野県飯田市
0906,長野県諏訪市
0907,長野県須坂市
0908,長野県小諸市
0909,長野県伊那市
0910,長野県駒ヶ根市
0911,長野県中野市
0912,長野県大町市
0913,長野県飯山市
0914,長野県茅野市
0915,長野県塩尻市
0916,長野県篠ノ井市
0917,長野県更埴市
0918,長野県佐久市
0919,長野県千曲市
0920,長野県東御市
0921,長野県安曇野市
10001,東京都北多摩郡
10002,東京都西多摩郡
10002A,東京都西多摩郡五日市町
10002B,東京都西多摩郡羽村町
10002C,東京都西多摩郡日の出町
10002D,東京都西多摩郡檜原村
10002E,東京都西多摩郡瑞穂町
10002F,東京都西多摩郡奥多摩町
10003,東京都南多摩郡
10004,東京都大島支庁
10004A,東京都大島支庁大島町
10004B,東京都大島支庁利島村
10004C,東京都大島支庁新島村
10004D,東京都大島支庁神津島村
10005,東京都三宅支庁
10005A,東京都三宅支庁三宅村
10005B,東京都三宅支庁御蔵島村
10006,東京都八丈支庁
10006A,東京都八丈支庁八丈町
10006B,東京都八丈支庁青ヶ島村
10007,東京都小笠原支庁
10007A,東京都小笠原支庁小笠原村
1001,東京都２３区
100101,東京都千代田区
100102,東京都中央区
100103,東京都港区
100104,東京都新宿区
100105,東京都文京区
100106,東京都台東区
100107,東京都墨田区
100108,東京都江東区
100109,東京都品川区
100110,東京都目黒区
100111,東京都大田区
100112,東京都世田谷区
100113,東京都渋谷区
100114,東京都中野区
100115,東京都杉並区
100116,東京都豊島区
100117,東京都北区
100118,東京都荒川区
100119,東京都板橋区
100120,東京都練馬区
100121,東京都足立区
100122,東京都葛飾区
100123,東京都江戸川区
1002,東京都八王子市
1003,東京都立川市
1004,東京都武蔵野市
1005,東京都三鷹市
1006,東京都青梅市
1007,東京都府中市
1008,東京都昭島市
1009,東京都調布市
1010,東京都町田市
1011,東京都小金井市
1012,東京都小平市
1013,東京都日野市
1014,東京都東村山市
1015,東京都国分寺市
1016,東京都国立市
1017,東京都保谷市
1018,東京都田無市
1019,東京都福生市
1020,東京都狛江市
1021,東京都東大和市
1022,東京都清瀬市
1023,東京都東久留米市
1024,東京都武蔵村山市
1025,東京都多摩市
1026,東京都稲城市
1027,東京都秋川市
1028,東京都羽村市
1029,東京都あきる野市
1030,東京都西東京市
1051,東京都千代田区
1052,東京都中央区
1053,東京都港区
1054,東京都新宿区
1055,東京都文京区
1056,東京都台東区
1057,東京都墨田区
1058,東京都江東区
1059,東京都品川区
1060,東京都目黒区
1061,東京都大田区
1062,東京都世田谷区
1063,東京都渋谷区
1064,東京都中野区
1065,東京都杉並区
1066,東京都豊島区
1067,東京都北区
1068,東京都荒川区
1069,東京都板橋区
1070,東京都練馬区
1071,東京都足立区
1072,東京都葛飾区
1073,東京都江戸川区
11001,神奈川県愛甲郡
11001A,神奈川県愛甲郡愛川町
11001B,神奈川県愛甲郡清川村
11002,神奈川県足柄上郡
11002A,神奈川県足柄上郡大井町
11002B,神奈川県足柄上郡開成町
11002C,神奈川県足柄上郡中井町
11002D,神奈川県足柄上郡松田町
11002E,神奈川県足柄上郡山北町
11003,神奈川県足柄下郡
11003A,神奈川県足柄下郡真鶴町
11003B,神奈川県足柄下郡湯河原町
11003C,神奈川県足柄下郡箱根町
11004,神奈川県高座郡
11004A,神奈川県高座郡寒川町
11004B,神奈川県高座郡綾瀬町
11005,神奈川県津久井郡
11005A,神奈川県津久井郡城山町
11005B,神奈川県津久井郡相模湖町
11005C,神奈川県津久井郡津久井町
11005D,神奈川県津久井郡藤野町
11006,神奈川県中郡
11006A,神奈川県中郡二宮町
11006B,神奈川県中郡大磯町
11007,神奈川県三浦郡
11007A,神奈川県三浦郡葉山町
1101,神奈川県横浜市
110101,横浜市鶴見区
110102,横浜市神奈川区
110103,横浜市西区
110104,横浜市中区
110105,横浜市南区
110106,横浜市保土ヶ谷区
110107,横浜市磯子区
110108,横浜市金沢区
110109,横浜市港北区
110110,横浜市戸塚区
110111,横浜市港南区
110112,横浜市旭区
110113,横浜市緑区
110114,横浜市瀬谷区
110115,横浜市栄区
110116,横浜市泉区
110117,横浜市青葉区
110118,横浜市都筑区
1102,神奈川県横須賀市
1103,神奈川県川崎市
110301,川崎市川崎区
110302,川崎市幸区
110303,川崎市中原区
110304,川崎市高津区
110305,川崎市多摩区
110306,川崎市宮前区
110307,川崎市麻生区
1104,神奈川県平塚市
1105,神奈川県鎌倉市
1106,神奈川県藤沢市
1107,神奈川県小田原市
1108,神奈川県茅ヶ崎市
1109,神奈川県逗子市
1110,神奈川県相模原市
111001,相模原市緑区
111002,相模原市中央区
111003,相模原市南区
1111,神奈川県三浦市
1112,神奈川県秦野市
1113,神奈川県厚木市
1114,神奈川県大和市
1115,神奈川県伊勢原市
1116,神奈川県海老名市
1117,神奈川県座間市
1118,神奈川県南足柄市
1119,神奈川県綾瀬市
12001,千葉県安房郡
12001A,千葉県安房郡白浜町
12001B,千葉県安房郡千倉町
12001C,千葉県安房郡富浦町
12001D,千葉県安房郡三芳村
12001E,千葉県安房郡和田町
12001F,千葉県安房郡天津小湊町
12001G,千葉県安房郡鋸南町
12001H,千葉県安房郡富山町
12001I,千葉県安房郡丸山町
12002,千葉県夷隅郡
12002A,千葉県夷隅郡夷隅町
12002B,千葉県夷隅郡大原町
12002C,千葉県夷隅郡御宿町
12002D,千葉県夷隅郡大多喜町
12002E,千葉県夷隅郡岬町
12003,千葉県市原郡
12004,千葉県印旛郡
12004A,千葉県印旛郡印西町
12004B,千葉県印旛郡印旛村
12004C,千葉県印旛郡栄町
12004D,千葉県印旛郡酒々井町
12004E,千葉県印旛郡富里町
12004F,千葉県印旛郡本埜村
12004G,千葉県印旛郡八街町
12004H,千葉県印旛郡四街道町
12004I,千葉県印旛郡白井町
12005,千葉県海上郡
12005A,千葉県海上郡飯岡町
12005B,千葉県海上郡海上町
12006,千葉県香取郡
12006A,千葉県香取郡小見川町
12006B,千葉県香取郡栗源町
12006C,千葉県香取郡神崎町
12006D,千葉県香取郡下総町
12006E,千葉県香取郡大栄町
12006F,千葉県香取郡東庄町
12006G,千葉県香取郡干潟町
12006H,千葉県香取郡山田町
12006I,千葉県香取郡多古町
12007,千葉県君津郡
12007A,千葉県君津郡袖ヶ浦町
12008,千葉県山武郡
12008A,千葉県山武郡九十九里町
12008B,千葉県山武郡山武町
12008C,千葉県山武郡芝山町
12008D,千葉県山武郡蓮沼村
12008E,千葉県山武郡松尾町
12008F,千葉県山武郡大網白里町
12008G,千葉県山武郡成東町
12008H,千葉県山武郡横芝町
12008I,千葉県山武郡横芝光町
12009,千葉県匝瑳郡
12009A,千葉県匝瑳郡野栄町
12009B,千葉県匝瑳郡光町
1201,千葉県千葉市
12010,千葉県千葉郡
120101,千葉市中央区
120102,千葉市花見川区
120103,千葉市稲毛区
120104,千葉市若葉区
120105,千葉市緑区
120106,千葉市美浜区
12011,千葉県長生郡
12011A,千葉県長生郡一宮町
12011B,千葉県長生郡白子町
12011C,千葉県長生郡長生村
12011D,千葉県長生郡長南町
12011E,千葉県長生郡長柄町
12011F,千葉県長生郡睦沢町
12012,千葉県東葛飾郡
12012A,千葉県東葛飾郡浦安町
12012B,千葉県東葛飾郡沼南町
12012C,千葉県東葛飾郡関宿町
1202,千葉県銚子市
1203,千葉県市川市
1204,千葉県船橋市
1205,千葉県館山市
1206,千葉県木更津市
1207,千葉県松戸市
1208,千葉県野田市
1209,千葉県佐原市
1210,千葉県茂原市
1211,千葉県成田市
1212,千葉県佐倉市
1213,千葉県東金市
1214,千葉県八日市場市
1215,千葉県旭市
1216,千葉県習志野市
1217,千葉県柏市
1218,千葉県勝浦市
1219,千葉県市原市
1220,千葉県流山市
1221,千葉県八千代市
1222,千葉県我孫子市
1223,千葉県鴨川市
1224,千葉県君津市
1225,千葉県鎌ヶ谷市
1226,千葉県富津市
1227,千葉県浦安市
1228,千葉県四街道市
1229,千葉県袖ヶ浦市
1230,千葉県八街市
1231,千葉県印西市
1232,千葉県白井市
1233,千葉県富里市
1234,千葉県南房総市
1235,千葉県匝瑳市
1236,千葉県香取市
1237,千葉県山武市
1238,千葉県いすみ市
1239,千葉県大網白里市
13001,埼玉県入間郡
13001A,埼玉県入間郡大井町
13001B,埼玉県入間郡越生町
13001C,埼玉県入間郡鶴ヶ島町
13001D,埼玉県入間郡名栗村
13001E,埼玉県入間郡日高町
13001F,埼玉県入間郡三芳町
13001G,埼玉県入間郡毛呂山町
13002,埼玉県大里郡
13002A,埼玉県大里郡岡部町
13002B,埼玉県大里郡川本町
13002C,埼玉県大里郡江南町
13002D,埼玉県大里郡花園町
13002E,埼玉県大里郡妻沼町
13002F,埼玉県大里郡寄居町
13002G,埼玉県大里郡大里町
13003,埼玉県北足立郡
13003A,埼玉県北足立郡伊奈町
13003B,埼玉県北足立郡吹上町
13004,埼玉県北葛飾郡
13004A,埼玉県北葛飾郡栗橋町
13004B,埼玉県北葛飾郡幸手町
13004C,埼玉県北葛飾郡庄和町
13004D,埼玉県北葛飾郡杉戸町
13004E,埼玉県北葛飾郡松伏町
13004F,埼玉県北葛飾郡吉川町
13004G,埼玉県北葛飾郡鷲宮町
13005,埼玉県北埼玉郡
13005A,埼玉県北埼玉郡大利根町
13005B,埼玉県北埼玉郡川里町
13005C,埼玉県北埼玉郡騎西町
13005D,埼玉県北埼玉郡北川辺町
13005E,埼玉県北埼玉郡南河原村
13006,埼玉県児玉郡
13006A,埼玉県児玉郡神泉村
13006B,埼玉県児玉郡上里町
13006C,埼玉県児玉郡美里町
13006D,埼玉県児玉郡神川町
13006E,埼玉県児玉郡児玉町
13007,埼玉県秩父郡
13007A,埼玉県秩父郡大滝村
13007B,埼玉県秩父郡小鹿野町
13007C,埼玉県秩父郡長瀞町
13007D,埼玉県秩父郡東秩父村
13007E,埼玉県秩父郡横瀬町
13007F,埼玉県秩父郡吉田町
13007G,埼玉県秩父郡両神村
13007H,埼玉県秩父郡荒川村
13007I,埼玉県秩父郡皆野町
13008,埼玉県比企郡
13008A,埼玉県比企郡小川町
13008B,埼玉県比企郡川島町
13008C,埼玉県比企郡玉川村
13008D,埼玉県比企郡滑川町
13008E,埼玉県比企郡鳩山町
13008F,埼玉県比企郡吉見町
13008G,埼玉県比企郡嵐山町
13008H,埼玉県比企郡都幾川村
13008I,埼玉県比企郡ときがわ町
13009,埼玉県南埼玉郡
13009A,埼玉県南埼玉郡菖蒲町
13009B,埼玉県南埼玉郡白岡町
13009C,埼玉県南埼玉郡宮代町
1301,埼玉県浦和市
1302,埼玉県川越市
1303,埼玉県熊谷市
1304,埼玉県川口市
1305,埼玉県大宮市
1306,埼玉県行田市
1307,埼玉県秩父市
1308,埼玉県所沢市
1309,埼玉県飯能市
1310,埼玉県加須市
1311,埼玉県本庄市
1312,埼玉県東松山市
1313,埼玉県岩槻市
1314,埼玉県春日部市
1315,埼玉県狭山市
1316,埼玉県羽生市
1317,埼玉県鴻巣市
1318,埼玉県深谷市
1319,埼玉県上尾市
1320,埼玉県与野市
1321,埼玉県草加市
1322,埼玉県越谷市
1323,埼玉県蕨市
1324,埼玉県戸田市
1325,埼玉県入間市
1326,埼玉県鳩ヶ谷市
1327,埼玉県朝霞市
1328,埼玉県志木市
1329,埼玉県和光市
1330,埼玉県新座市
1331,埼玉県桶川市
1332,埼玉県久喜市
1333,埼玉県北本市
1334,埼玉県八潮市
1335,埼玉県上福岡市
1336,埼玉県富士見市
1337,埼玉県三郷市
1338,埼玉県蓮田市
1339,埼玉県坂戸市
1340,埼玉県幸手市
1341,埼玉県鶴ヶ島市
1342,埼玉県日高市
1343,埼玉県吉川市
1344,埼玉県さいたま市
134401,さいたま市西区
134402,さいたま市北区
134403,さいたま市大宮区
134404,さいたま市見沼区
134405,さいたま市中央区
134406,さいたま市桜区
134407,さいたま市浦和区
134408,さいたま市南区
134409,さいたま市緑区
134410,さいたま市岩槻区
1345,埼玉県ふじみ野市
1346,埼玉県白岡市
14001,茨城県稲敷郡
14001A,茨城県稲敷郡江戸崎町
14001B,茨城県稲敷郡茎崎町
14001C,茨城県稲敷郡桜川村
14001D,茨城県稲敷郡東町
14001E,茨城県稲敷郡阿見町
14001F,茨城県稲敷郡牛久町
14001G,茨城県稲敷郡河内町
14001H,茨城県稲敷郡新利根町
14001I,茨城県稲敷郡美浦村
14002,茨城県鹿島郡
14002A,茨城県鹿島郡旭村
14002B,茨城県鹿島郡大野村
14002C,茨城県鹿島郡鹿島町
14002D,茨城県鹿島郡鉾田町
14002E,茨城県鹿島郡神栖町
14002F,茨城県鹿島郡大洋村
14002G,茨城県鹿島郡波崎町
14003,茨城県北相馬郡
14003A,茨城県北相馬郡利根町
14003B,茨城県北相馬郡藤代町
14003C,茨城県北相馬郡守谷町
14004,茨城県久慈郡
14004A,茨城県久慈郡金砂郷町
14004B,茨城県久慈郡里美村
14004C,茨城県久慈郡水府村
14004D,茨城県久慈郡大子町
14005,茨城県猿島郡
14005A,茨城県猿島郡五霞町
14005B,茨城県猿島郡境町
14005C,茨城県猿島郡猿島町
14005D,茨城県猿島郡三和町
14005E,茨城県猿島郡総和町
14006,茨城県多賀郡
14006A,茨城県多賀郡十王町
14007,茨城県筑波郡
14007A,茨城県筑波郡伊奈町
14007B,茨城県筑波郡大穂町
14007C,茨城県筑波郡筑波町
14007D,茨城県筑波郡豊里町
14007E,茨城県筑波郡谷田部町
14007F,茨城県筑波郡谷和原村
14008,茨城県那珂郡
14008A,茨城県那珂郡東海村
14008B,茨城県那珂郡瓜連町
14008C,茨城県那珂郡大宮町
14008D,茨城県那珂郡緒川村
14008E,茨城県那珂郡那珂町
14008F,茨城県那珂郡美和村
14008G,茨城県那珂郡山方町
14009,茨城県行方郡
14009A,茨城県行方郡潮来町
14009B,茨城県行方郡牛堀町
14009C,茨城県行方郡北浦町
14009D,茨城県行方郡麻生町
14009E,茨城県行方郡玉造町
1401,茨城県水戸市
14010,茨城県新治郡
14010A,茨城県新治郡千代田町
14010B,茨城県新治郡新治村
14010C,茨城県新治郡桜村
14010D,茨城県新治郡玉里村
14010E,茨城県新治郡霞ヶ浦町
14010F,茨城県新治郡八郷町
14011,茨城県西茨城郡
14011A,茨城県西茨城郡岩間町
14011B,茨城県西茨城郡友部町
14011C,茨城県西茨城郡七会村
14011D,茨城県西茨城郡岩瀬町
14012,茨城県東茨城郡
14012A,茨城県東茨城郡茨城町
14012B,茨城県東茨城郡内原町
14012C,茨城県東茨城郡大洗町
14012D,茨城県東茨城郡小川町
14012E,茨城県東茨城郡常北町
14012F,茨城県東茨城郡常澄村
14012G,茨城県東茨城郡桂村
14012H,茨城県東茨城郡御前山村
14012I,茨城県東茨城郡美野里町
14012J,茨城県東茨城郡城里町
14013,茨城県真壁郡
14013A,茨城県真壁郡明野町
14013B,茨城県真壁郡協和町
14013C,茨城県真壁郡真壁町
14013D,茨城県真壁郡大和村
14013E,茨城県真壁郡関城町
14014,茨城県結城郡
14014A,茨城県結城郡石下町
14014B,茨城県結城郡千代川村
14014C,茨城県結城郡八千代町
1402,茨城県日立市
1403,茨城県土浦市
1404,茨城県古河市
1405,茨城県石岡市
1406,茨城県下館市
1407,茨城県結城市
1408,茨城県龍ヶ崎市
1409,茨城県那珂湊市
1410,茨城県下妻市
1411,茨城県水海道市
1412,茨城県常陸太田市
1413,茨城県勝田市
1414,茨城県高萩市
1415,茨城県北茨城市
1416,茨城県笠間市
1417,茨城県取手市
1418,茨城県岩井市
1419,茨城県牛久市
1420,茨城県つくば市
1421,茨城県ひたちなか市
1422,茨城県鹿嶋市
1423,茨城県潮来市
1424,茨城県守谷市
1425,茨城県常陸大宮市
1426,茨城県那珂市
1427,茨城県筑西市
1428,茨城県坂東市
1429,茨城県稲敷市
1430,茨城県かすみがうら市
1431,茨城県桜川市
1432,茨城県神栖市
1433,茨城県行方市
1434,茨城県鉾田市
1435,茨城県常総市
1436,茨城県つくばみらい市
1437,茨城県小美玉市
15001,栃木県足利郡
15002,栃木県安蘇郡
15002A,栃木県安蘇郡葛生町
15002B,栃木県安蘇郡田沼町
15003,栃木県上都賀郡
15003A,栃木県上都賀郡足尾町
15003B,栃木県上都賀郡粟野町
15003C,栃木県上都賀郡西方町
15004,栃木県河内郡
15004A,栃木県河内郡上河内町
15004B,栃木県河内郡河内町
15004C,栃木県河内郡上三川町
15004D,栃木県河内郡南河内町
15005,栃木県塩谷郡
15005A,栃木県塩谷郡氏家町
15005B,栃木県塩谷郡喜連川町
15005C,栃木県塩谷郡高根沢町
15005D,栃木県塩谷郡栗山村
15005E,栃木県塩谷郡塩原町
15005F,栃木県塩谷郡塩谷町
15005G,栃木県塩谷郡藤原町
15006,栃木県下都賀郡
15006A,栃木県下都賀郡石橋町
15006B,栃木県下都賀郡国分寺町
15006C,栃木県下都賀郡野木町
15006D,栃木県下都賀郡壬生町
15006E,栃木県下都賀郡岩舟町
15006F,栃木県下都賀郡大平町
15006G,栃木県下都賀郡都賀町
15006H,栃木県下都賀郡藤岡町
15007,栃木県那須郡
15007A,栃木県那須郡小川町
15007B,栃木県那須郡西那須野町
15007C,栃木県那須郡南那須町
15007D,栃木県那須郡湯津上村
15007E,栃木県那須郡烏山町
15007F,栃木県那須郡黒羽町
15007G,栃木県那須郡那須町
15007H,栃木県那須郡馬頭町
15007I,栃木県那須郡塩原町
15007J,栃木県那須郡那珂川町
15008,栃木県芳賀郡
15008A,栃木県芳賀郡市貝町
15008B,栃木県芳賀郡二宮町
15008C,栃木県芳賀郡芳賀町
15008D,栃木県芳賀郡益子町
15008E,栃木県芳賀郡茂木町
1501,栃木県宇都宮市
1502,栃木県足利市
1503,栃木県栃木市
1504,栃木県佐野市
1505,栃木県鹿沼市
1506,栃木県日光市
1507,栃木県今市市
1508,栃木県小山市
1509,栃木県真岡市
1510,栃木県大田原市
1511,栃木県矢板市
1512,栃木県黒磯市
1513,栃木県那須塩原市
1514,栃木県さくら市
1515,栃木県那須烏山市
1516,栃木県下野市
16001,群馬県吾妻郡
16001A,群馬県吾妻郡東村
16001B,群馬県吾妻郡草津町
16001C,群馬県吾妻郡高山村
16001D,群馬県吾妻郡吾妻町
16001E,群馬県吾妻郡六合村
16001F,群馬県吾妻郡嬬恋村
16001G,群馬県吾妻郡長野原町
16001H,群馬県吾妻郡中之条町
16001I,群馬県吾妻郡東吾妻町
16002,群馬県碓氷郡
16002A,群馬県碓氷郡松井田町
16003,群馬県邑楽郡
16003A,群馬県邑楽郡板倉町
16003B,群馬県邑楽郡邑楽町
16003C,群馬県邑楽郡大泉町
16003D,群馬県邑楽郡明和町
16003E,群馬県邑楽郡千代田町
16004,群馬県甘楽郡
16004A,群馬県甘楽郡甘楽町
16004B,群馬県甘楽郡下仁田町
16004C,群馬県甘楽郡南牧村
16004D,群馬県甘楽郡妙義町
16005,群馬県北群馬郡
16005A,群馬県北群馬郡伊香保町
16005B,群馬県北群馬郡小野上村
16005C,群馬県北群馬郡子持村
16005D,群馬県北群馬郡吉岡町
16005E,群馬県北群馬郡榛東村
16006,群馬県群馬郡
16006A,群馬県群馬郡倉渕村
16006B,群馬県群馬郡榛名町
16006C,群馬県群馬郡箕郷町
16006D,群馬県群馬郡群馬町
16007,群馬県佐波郡
16007A,群馬県佐波郡赤堀町
16007B,群馬県佐波郡東村
16007C,群馬県佐波郡境町
16007D,群馬県佐波郡玉村町
16008,群馬県勢多郡
16008A,群馬県勢多郡赤城村
16008B,群馬県勢多郡大胡町
16008C,群馬県勢多郡粕川村
16008D,群馬県勢多郡北橘村
16008E,群馬県勢多郡黒保根村
16008F,群馬県勢多郡新里村
16008G,群馬県勢多郡富士見村
16008H,群馬県勢多郡宮城村
16008I,群馬県勢多郡東村
16009,群馬県多野郡
16009A,群馬県多野郡鬼石町
16009B,群馬県多野郡新町
16009C,群馬県多野郡中里村
16009D,群馬県多野郡万場町
16009E,群馬県多野郡吉井町
16009F,群馬県多野郡上野村
16009G,群馬県多野郡神流町
1601,群馬県前橋市
16010,群馬県利根郡
16010A,群馬県利根郡片品村
16010B,群馬県利根郡川場村
16010C,群馬県利根郡昭和村
16010D,群馬県利根郡白沢村
16010E,群馬県利根郡月夜野町
16010F,群馬県利根郡利根村
16010G,群馬県利根郡新治村
16010H,群馬県利根郡水上町
16010I,群馬県利根郡みなかみ町
16011,群馬県新田郡
16011A,群馬県新田郡笠懸町
16011B,群馬県新田郡薮塚本町
16011C,群馬県新田郡尾島町
16011D,群馬県新田郡新田町
16012,群馬県山田郡
16012A,群馬県山田郡大間々町
1602,群馬県高崎市
1603,群馬県桐生市
1604,群馬県伊勢崎市
1605,群馬県太田市
1606,群馬県沼田市
1607,群馬県館林市
1608,群馬県渋川市
1609,群馬県藤岡市
1610,群馬県富岡市
1611,群馬県安中市
1612,群馬県みどり市
17001,山梨県北巨摩郡
17001A,山梨県北巨摩郡大泉村
17001B,山梨県北巨摩郡小淵沢町
17001C,山梨県北巨摩郡白州町
17001D,山梨県北巨摩郡双葉町
17001E,山梨県北巨摩郡明野村
17001F,山梨県北巨摩郡須玉町
17001G,山梨県北巨摩郡高根町
17001H,山梨県北巨摩郡長坂町
17001I,山梨県北巨摩郡武川村
17002,山梨県北都留郡
17002A,山梨県北都留郡小菅村
17002B,山梨県北都留郡丹波山村
17002C,山梨県北都留郡上野原町
17003,山梨県中巨摩郡
17003A,山梨県中巨摩郡芦安村
17003B,山梨県中巨摩郡櫛形町
17003C,山梨県中巨摩郡甲西町
17003D,山梨県中巨摩郡昭和町
17003E,山梨県中巨摩郡白根町
17003F,山梨県中巨摩郡田富町
17003G,山梨県中巨摩郡玉穂町
17003H,山梨県中巨摩郡八田村
17003I,山梨県中巨摩郡竜王町
17003J,山梨県中巨摩郡若草町
17003K,山梨県中巨摩郡敷島町
17004,山梨県西八代郡
17004A,山梨県西八代郡上九一色村
17004B,山梨県西八代郡六郷町
17004C,山梨県西八代郡市川大門町
17004D,山梨県西八代郡下部町
17004E,山梨県西八代郡三珠町
17004F,山梨県西八代郡市川三郷町
17005,山梨県東八代郡
17005A,山梨県東八代郡芦川村
17005B,山梨県東八代郡石和町
17005C,山梨県東八代郡一宮町
17005D,山梨県東八代郡境川村
17005E,山梨県東八代郡豊富村
17005F,山梨県東八代郡中道町
17005G,山梨県東八代郡御坂町
17005H,山梨県東八代郡八代町
17006,山梨県東山梨郡
17006A,山梨県東山梨郡春日居町*04/10
17006B,山梨県東山梨郡勝沼町
17006C,山梨県東山梨郡牧丘町
17006D,山梨県東山梨郡三富村
17006E,山梨県東山梨郡大和村
17007,山梨県南巨摩郡
17007A,山梨県南巨摩郡富沢町
17007B,山梨県南巨摩郡増穂町
17007C,山梨県南巨摩郡鰍沢町
17007D,山梨県南巨摩郡中富町
17007E,山梨県南巨摩郡南部町
17007F,山梨県南巨摩郡早川町
17007G,山梨県南巨摩郡身延町
17007H,山梨県南巨摩郡富士川町
17008,山梨県南都留郡
17008A,山梨県南都留郡秋山村
17008B,山梨県南都留郡足和田村*03/11
17008C,山梨県南都留郡忍野村
17008D,山梨県南都留郡勝山村
17008E,山梨県南都留郡河口湖町*03/11
17008F,山梨県南都留郡道志村
17008G,山梨県南都留郡鳴沢村
17008H,山梨県南都留郡西桂町
17008I,山梨県南都留郡山中湖村
17008J,山梨県南都留郡富士河口湖町
1701,山梨県甲府市
1702,山梨県富士吉田市
1703,山梨県塩山市
1704,山梨県都留市
1705,山梨県山梨市
1706,山梨県大月市
1707,山梨県韮崎市
1708,山梨県南アルプス市
1709,山梨県北杜市
1710,山梨県甲斐市
1711,山梨県笛吹市
1712,山梨県上野原市
1713,山梨県甲州市
1714,山梨県中央市
18001,静岡県安倍郡
18002,静岡県引佐郡
18002A,静岡県引佐郡細江町
18002B,静岡県引佐郡三ヶ日町
18002C,静岡県引佐郡引佐町
18003,静岡県庵原郡
18003A,静岡県庵原郡蒲原町
18003B,静岡県庵原郡富士川町
18003C,静岡県庵原郡由比町
18004,静岡県磐田郡
18004A,静岡県磐田郡浅羽町
18004B,静岡県磐田郡龍山村
18004C,静岡県磐田郡豊岡村
18004D,静岡県磐田郡豊田町
18004E,静岡県磐田郡福田町
18004F,静岡県磐田郡水窪町
18004G,静岡県磐田郡竜洋町
18004H,静岡県磐田郡佐久間町
18005,静岡県小笠郡
18005A,静岡県小笠郡大須賀町
18005B,静岡県小笠郡小笠町
18005C,静岡県小笠郡菊川町
18005D,静岡県小笠郡浜岡町
18005E,静岡県小笠郡大東町
18006,静岡県賀茂郡
18006A,静岡県賀茂郡賀茂村
18006B,静岡県賀茂郡西伊豆町
18006C,静岡県賀茂郡松崎町
18006D,静岡県賀茂郡河津町
18006E,静岡県賀茂郡東伊豆町
18006F,静岡県賀茂郡南伊豆町
18007,静岡県志太郡
18007A,静岡県志太郡大井川町
18007B,静岡県志太郡岡部町
18008,静岡県周智郡
18008A,静岡県周智郡春野町
18008B,静岡県周智郡森町
18009,静岡県駿東郡
18009A,静岡県駿東郡清水町
18009B,静岡県駿東郡長泉町
18009C,静岡県駿東郡小山町
1801,静岡県静岡市
18010,静岡県田方郡
180101,静岡市葵区
180102,静岡市駿河区
180103,静岡市清水区
18010A,静岡県田方郡大仁町
18010B,静岡県田方郡修善寺町
18010C,静岡県田方郡土肥町
18010D,静岡県田方郡中伊豆町
18010E,静岡県田方郡韮山町
18010F,静岡県田方郡戸田村
18010G,静岡県田方郡天城湯ヶ島町*04/3
18010H,静岡県田方郡伊豆長岡町
18010I,静岡県田方郡函南町
18011,静岡県榛原郡
18011A,静岡県榛原郡御前崎町
18011B,静岡県榛原郡金谷町
18011C,静岡県榛原郡相良町
18011D,静岡県榛原郡中川根町
18011E,静岡県榛原郡榛原町
18011F,静岡県榛原郡吉田町
18011G,静岡県榛原郡川根町
18011H,静岡県榛原郡本川根町
18011I,静岡県榛原郡川根本町
18012,静岡県浜名郡
18012A,静岡県浜名郡新居町
18012B,静岡県浜名郡可美村
18012C,静岡県浜名郡舞阪町
18012D,静岡県浜名郡雄踏町
18013,静岡県富士郡
18013A,静岡県富士郡芝川町
1802,静岡県浜松市
180201,浜松市中区
180202,浜松市東区
180203,浜松市西区
180204,浜松市南区
180205,浜松市北区
180206,浜松市浜北区
180207,浜松市天竜区
1803,静岡県沼津市
1804,静岡県清水市
1805,静岡県熱海市
1806,静岡県三島市
1807,静岡県富士宮市
1808,静岡県伊東市
1809,静岡県島田市
1810,静岡県吉原市
1811,静岡県磐田市
1812,静岡県焼津市
1813,静岡県富士市
1814,静岡県掛川市
1815,静岡県藤枝市
1816,静岡県御殿場市
1817,静岡県袋井市
1818,静岡県天竜市
1819,静岡県浜北市
1820,静岡県下田市
1821,静岡県裾野市
1822,静岡県湖西市
1823,静岡県伊豆市
1824,静岡県御前崎市
1825,静岡県菊川市
1826,静岡県伊豆の国市
1827,静岡県牧之原市
19001,岐阜県安八郡
19001A,岐阜県安八郡安八町
19001B,岐阜県安八郡墨俣町
19001C,岐阜県安八郡神戸町
19001D,岐阜県安八郡輪之内町
19002,岐阜県稲葉郡
19003,岐阜県揖斐郡
19003A,岐阜県揖斐郡池田町
19003B,岐阜県揖斐郡揖斐川町
19003C,岐阜県揖斐郡大野町
19003D,岐阜県揖斐郡春日村
19003E,岐阜県揖斐郡久瀬村
19003F,岐阜県揖斐郡坂内村
19003G,岐阜県揖斐郡谷汲村
19003H,岐阜県揖斐郡徳山村
19003I,岐阜県揖斐郡藤橋村
19004,岐阜県恵那郡
19004A,岐阜県恵那郡明智町
19004B,岐阜県恵那郡岩村町
19004C,岐阜県恵那郡上矢作町
19004D,岐阜県恵那郡川上村
19004E,岐阜県恵那郡串原村
19004F,岐阜県恵那郡坂下町
19004G,岐阜県恵那郡付知町
19004H,岐阜県恵那郡蛭川村
19004I,岐阜県恵那郡福岡町
19004J,岐阜県恵那郡山岡町
19004K,岐阜県恵那郡加子母村
19005,岐阜県大野郡
19005A,岐阜県大野郡朝日村
19005B,岐阜県大野郡久々野町
19005C,岐阜県大野郡荘川村
19005D,岐阜県大野郡高根村
19005E,岐阜県大野郡宮村
19005F,岐阜県大野郡清見村
19005G,岐阜県大野郡白川村
19005H,岐阜県大野郡丹生川村
19006,岐阜県海津郡
19006A,岐阜県海津郡海津町
19006B,岐阜県海津郡平田町
19006C,岐阜県海津郡南濃町
19007,岐阜県可児郡
19007A,岐阜県可児郡可児町
19007B,岐阜県可児郡兼山町
19007C,岐阜県可児郡御嵩町
19008,岐阜県加茂郡
19008A,岐阜県加茂郡川辺町
19008B,岐阜県加茂郡坂祝町
19008C,岐阜県加茂郡富加町
19008D,岐阜県加茂郡東白川村
19008E,岐阜県加茂郡白川町
19008F,岐阜県加茂郡七宗町
19008G,岐阜県加茂郡八百津町
19009,岐阜県郡上郡
19009A,岐阜県郡上郡高鷲村
19009B,岐阜県郡上郡美並村
19009C,岐阜県郡上郡明宝村
19009D,岐阜県郡上郡大和町
19009E,岐阜県郡上郡和良村
19009F,岐阜県郡上郡白鳥町
19009G,岐阜県郡上郡八幡町
1901,岐阜県岐阜市
19010,岐阜県土岐郡
19010A,岐阜県土岐郡笠原町
19011,岐阜県羽島郡
19011A,岐阜県羽島郡笠松町
19011B,岐阜県羽島郡川島町
19011C,岐阜県羽島郡岐南町
19011D,岐阜県羽島郡柳津町
19012,岐阜県不破郡
19012A,岐阜県不破郡関ケ原町
19012B,岐阜県不破郡垂井町
19013,岐阜県益田郡
19013A,岐阜県益田郡小坂町
19013B,岐阜県益田郡萩原町
19013C,岐阜県益田郡馬瀬村
19013D,岐阜県益田郡金山町
19013E,岐阜県益田郡下呂町
19014,岐阜県武儀郡
19014A,岐阜県武儀郡板取村
19014B,岐阜県武儀郡上之保村
19014C,岐阜県武儀郡洞戸村
19014D,岐阜県武儀郡武儀町
19014E,岐阜県武儀郡武芸川町
19015,岐阜県本巣郡
19015A,岐阜県本巣郡北方町
19015B,岐阜県本巣郡真正町
19015C,岐阜県本巣郡巣南町
19015D,岐阜県本巣郡穂積町
19015E,岐阜県本巣郡糸貫町
19015F,岐阜県本巣郡根尾村
19015G,岐阜県本巣郡本巣町
19016,岐阜県山県郡
19016A,岐阜県山県郡伊自良村
19016B,岐阜県山県郡高富町
19016C,岐阜県山県郡美山町
19017,岐阜県養老郡
19017A,岐阜県養老郡上石津町
19017B,岐阜県養老郡養老町
19018,岐阜県吉城郡
19018A,岐阜県吉城郡河合村
19018B,岐阜県吉城郡国府町
19018C,岐阜県吉城郡古川町
19018D,岐阜県吉城郡神岡町
19018E,岐阜県吉城郡上宝村
19018F,岐阜県吉城郡宮川村
1902,岐阜県大垣市
1903,岐阜県高山市
1904,岐阜県多治見市
1905,岐阜県関市
1906,岐阜県中津川市
1907,岐阜県美濃市
1908,岐阜県瑞浪市
1909,岐阜県羽島市
1910,岐阜県恵那市
1911,岐阜県美濃加茂市
1912,岐阜県土岐市
1913,岐阜県各務原市
1914,岐阜県可児市
1915,岐阜県山県市
1916,岐阜県瑞穂市
1917,岐阜県飛騨市
1918,岐阜県本巣市
1919,岐阜県郡上市
1920,岐阜県下呂市
1921,岐阜県海津市
20001,愛知県愛知郡
20001A,愛知県愛知郡東郷町
20001B,愛知県愛知郡長久手町
20001C,愛知県愛知郡日進町
20002,愛知県渥美郡
20002A,愛知県渥美郡赤羽根町
20002B,愛知県渥美郡渥美町
20002C,愛知県渥美郡田原町
20003,愛知県海部郡
20003A,愛知県海部郡大治町
20003B,愛知県海部郡蟹江町
20003C,愛知県海部郡佐織町
20003D,愛知県海部郡佐屋町
20003E,愛知県海部郡七宝町
20003F,愛知県海部郡甚目寺町
20003G,愛知県海部郡十四山村
20003H,愛知県海部郡立田村
20003I,愛知県海部郡飛島村
20003J,愛知県海部郡八開村
20003K,愛知県海部郡美和町
20003L,愛知県海部郡弥富町
20004,愛知県北設楽郡
20004A,愛知県北設楽郡稲武町
20004B,愛知県北設楽郡津具村
20004C,愛知県北設楽郡富山村
20004D,愛知県北設楽郡豊根村
20004E,愛知県北設楽郡設楽町
20004F,愛知県北設楽郡東栄町
20005,愛知県知多郡
20005A,愛知県知多郡阿久比町
20005B,愛知県知多郡武豊町
20005C,愛知県知多郡東浦町
20005D,愛知県知多郡南知多町
20005E,愛知県知多郡美浜町
20006,愛知県中島郡
20006A,愛知県中島郡祖父江町
20006B,愛知県中島郡平和町
20007,愛知県西春日井郡
20007A,愛知県西春日井郡清洲町
20007B,愛知県西春日井郡師勝町
20007C,愛知県西春日井郡新川町
20007D,愛知県西春日井郡豊山町
20007E,愛知県西春日井郡西春町
20007F,愛知県西春日井郡西枇杷島町*05/7
20007G,愛知県西春日井郡春日町
20008,愛知県西加茂郡
20008A,愛知県西加茂郡小原村
20008B,愛知県西加茂郡藤岡町
20008C,愛知県西加茂郡三好町
20009,愛知県丹羽郡
20009A,愛知県丹羽郡大口町
20009B,愛知県丹羽郡扶桑町
2001,愛知県名古屋市
20010,愛知県額田郡
200101,名古屋市千種区
200102,名古屋市東区
200103,名古屋市北区
200104,名古屋市西区
200105,名古屋市中村区
200106,名古屋市中区
200107,名古屋市昭和区
200108,名古屋市瑞穂区
200109,名古屋市熱田区
20010A,愛知県額田郡幸田町
20010B,愛知県額田郡額田町
20011,愛知県葉栗郡
200110,名古屋市中川区
200111,名古屋市港区
200112,名古屋市南区
200113,名古屋市守山区
200114,名古屋市緑区
200115,名古屋市名東区
200116,名古屋市天白区
20011A,愛知県葉栗郡木曽川町
20012,愛知県幡豆郡
20012A,愛知県幡豆郡一色町
20012B,愛知県幡豆郡幡豆町
20012C,愛知県幡豆郡吉良町
20013,愛知県東春日井郡
20014,愛知県東加茂郡
20014A,愛知県東加茂郡下山村
20014B,愛知県東加茂郡旭町
20014C,愛知県東加茂郡足助町
20014D,愛知県東加茂郡稲武町
20015,愛知県碧海郡
20016,愛知県宝飯郡
20016A,愛知県宝飯郡一宮町
20016B,愛知県宝飯郡音羽町
20016C,愛知県宝飯郡小坂井町
20016D,愛知県宝飯郡御津町
20017,愛知県南設楽郡
20017A,愛知県南設楽郡作手村
20017B,愛知県南設楽郡鳳来町
20018,愛知県八名郡
2002,愛知県豊橋市
2003,愛知県岡崎市
2004,愛知県一宮市
2005,愛知県瀬戸市
2006,愛知県半田市
2007,愛知県春日井市
2008,愛知県豊川市
2009,愛知県津島市
2010,愛知県碧南市
2011,愛知県刈谷市
2012,愛知県豊田市
2013,愛知県安城市
2014,愛知県西尾市
2015,愛知県蒲郡市
2016,愛知県犬山市
2017,愛知県常滑市
2018,愛知県守山市
2019,愛知県江南市
2020,愛知県尾西市
2021,愛知県小牧市
2022,愛知県稲沢市
2023,愛知県新城市
2024,愛知県東海市
2025,愛知県大府市
2026,愛知県知多市
2027,愛知県高浜市
2028,愛知県知立市
2029,愛知県尾張旭市
2030,愛知県岩倉市
2031,愛知県豊明市
2032,愛知県日進市
2033,愛知県田原市
2034,愛知県愛西市
2035,愛知県清須市
2036,愛知県北名古屋市
2037,愛知県弥富市
2038,愛知県みよし市
2039,愛知県あま市
2040,愛知県長久手市
21001,三重県安芸郡
21001A,三重県安芸郡安濃町
21001B,三重県安芸郡河芸町
21001C,三重県安芸郡芸濃町
21001D,三重県安芸郡美里村
21002,三重県安濃郡
21003,三重県阿山郡
21003A,三重県阿山郡島ヶ原村
21003B,三重県阿山郡阿山町
21003C,三重県阿山郡伊賀町
21003D,三重県阿山郡大山田村
21004,三重県飯南郡
21004A,三重県飯南郡飯高町
21004B,三重県飯南郡飯南町
21005,三重県一志郡
21005A,三重県一志郡一志町
21005B,三重県一志郡香良洲町
21005C,三重県一志郡嬉野町
21005D,三重県一志郡白山町
21005E,三重県一志郡三雲町
21005F,三重県一志郡美杉村
21006,三重県員弁郡
21006A,三重県員弁郡員弁町
21006B,三重県員弁郡東員町
21006C,三重県員弁郡藤原町
21006D,三重県員弁郡北勢町
21006E,三重県員弁郡大安町
21007,三重県河芸郡
21008,三重県北牟婁郡
21008A,三重県北牟婁郡紀伊長島町*05/10
21008B,三重県北牟婁郡海山町
21008C,三重県北牟婁郡紀北町
21009,三重県桑名郡
21009A,三重県桑名郡木曽岬町
21009B,三重県桑名郡多度町
21009C,三重県桑名郡長島町
2101,三重県津市
21010,三重県志摩郡
21010A,三重県志摩郡阿児町
21010B,三重県志摩郡志摩町
21010C,三重県志摩郡大王町
21010D,三重県志摩郡浜島町
21010E,三重県志摩郡磯部町
21011,三重県鈴鹿郡
21011A,三重県鈴鹿郡関町
21012,三重県多気郡
21012A,三重県多気郡勢和村
21012B,三重県多気郡多気町
21012C,三重県多気郡大台町
21012D,三重県多気郡宮川村
21012E,三重県多気郡明和町
21013,三重県名賀郡
21013A,三重県名賀郡青山町
21014,三重県三重郡
21014A,三重県三重郡朝日町
21014B,三重県三重郡川越町
21014C,三重県三重郡楠町
21014D,三重県三重郡菰野町
21015,三重県南牟婁郡
21015A,三重県南牟婁郡鵜殿村
21015B,三重県南牟婁郡紀宝町
21015C,三重県南牟婁郡紀和町
21015D,三重県南牟婁郡御浜町
21016,三重県度会郡
21016A,三重県度会郡大内山村
21016B,三重県度会郡小俣町
21016C,三重県度会郡玉城町
21016D,三重県度会郡二見町
21016E,三重県度会郡大宮町
21016F,三重県度会郡紀勢町
21016G,三重県度会郡南勢町
21016H,三重県度会郡南島町
21016I,三重県度会郡御薗村
21016J,三重県度会郡度会町
21016K,三重県度会郡大紀町
21016L,三重県度会郡南伊勢町
2102,三重県四日市市
2103,三重県伊勢市
2104,三重県松阪市
2105,三重県桑名市
2106,三重県上野市
2107,三重県鈴鹿市
2108,三重県名張市
2109,三重県尾鷲市
2110,三重県亀山市
2111,三重県鳥羽市
2112,三重県熊野市
2113,三重県久居市
2114,三重県宇治山田市
2115,三重県いなべ市
2116,三重県志摩市
2117,三重県伊賀市
22001,京都府天田郡
22001A,京都府天田郡三和町
22001B,京都府天田郡夜久野町
22002,京都府何鹿郡
22003,京都府乙訓郡
22003A,京都府乙訓郡大山崎町
22004,京都府加佐郡
22004A,京都府加佐郡大江町
22005,京都府北桑田郡
22005A,京都府北桑田郡京北町
22005B,京都府北桑田郡美山町
22006,京都府久世郡
22006A,京都府久世郡久御山町
22007,京都府熊野郡
22007A,京都府熊野郡久美浜町
22008,京都府相楽郡
22008A,京都府相楽郡笠置町
22008B,京都府相楽郡加茂町
22008C,京都府相楽郡木津町
22008D,京都府相楽郡精華町
22008E,京都府相楽郡南山城村
22008F,京都府相楽郡山城町
22008G,京都府相楽郡和束町
22009,京都府竹野郡
22009A,京都府竹野郡網野町
22009B,京都府竹野郡丹後町
22009C,京都府竹野郡弥栄町
2201,京都府京都市
22010,京都府綴喜郡
220101,京都市北区
220102,京都市上京区
220103,京都市左京区
220104,京都市中京区
220105,京都市東山区
220106,京都市下京区
220107,京都市南区
220108,京都市右京区
220109,京都市伏見区
22010A,京都府綴喜郡井手町
22010B,京都府綴喜郡宇治田原町
22010C,京都府綴喜郡田辺町
22011,京都府中郡
220110,京都市山科区
220111,京都市西京区
22011A,京都府中郡大宮町
22011B,京都府中郡峰山町
22012,京都府船井郡
22012A,京都府船井郡日吉町
22012B,京都府船井郡和知町
22012C,京都府船井郡園部町
22012D,京都府船井郡丹波町
22012E,京都府船井郡瑞穂町
22012F,京都府船井郡八木町
22012G,京都府船井郡京丹波町
22013,京都府南桑田郡
22014,京都府与謝郡
22014A,京都府与謝郡岩滝町
22014B,京都府与謝郡加悦町
22014C,京都府与謝郡野田川町
22014D,京都府与謝郡伊根町
22014E,京都府与謝郡与謝野町
2202,京都府福知山市
2203,京都府舞鶴市
2204,京都府綾部市
2205,京都府宇治市
2206,京都府宮津市
2207,京都府亀岡市
2208,京都府城陽市
2209,京都府長岡京市
2210,京都府向日市
2211,京都府八幡市
2212,京都府京田辺市
2213,京都府京丹後市
2214,京都府南丹市
2215,京都府木津川市
23001,滋賀県伊香郡
23001A,滋賀県伊香郡高月町
23001B,滋賀県伊香郡西浅井町
23001C,滋賀県伊香郡木之本町
23001D,滋賀県伊香郡余呉町
23002,滋賀県犬上郡
23002A,滋賀県犬上郡甲良町
23002B,滋賀県犬上郡豊郷町
23002C,滋賀県犬上郡多賀町
23003,滋賀県愛知郡
23003A,滋賀県愛知郡愛東町
23003B,滋賀県愛知郡愛知川町
23003C,滋賀県愛知郡湖東町
23003D,滋賀県愛知郡秦荘町
23003E,滋賀県愛知郡愛荘町
23004,滋賀県蒲生郡
23004A,滋賀県蒲生郡安土町
23004B,滋賀県蒲生郡蒲生町
23004C,滋賀県蒲生郡日野町
23004D,滋賀県蒲生郡竜王町
23005,滋賀県神崎郡
23005A,滋賀県神崎郡永源寺町
23005B,滋賀県神崎郡五個荘町
23005C,滋賀県神崎郡能登川町
23006,滋賀県栗太郡
23006A,滋賀県栗太郡栗東町
23007,滋賀県甲賀郡
23007A,滋賀県甲賀郡石部町
23007B,滋賀県甲賀郡甲賀町
23007C,滋賀県甲賀郡甲西町
23007D,滋賀県甲賀郡甲南町
23007E,滋賀県甲賀郡土山町
23007F,滋賀県甲賀郡信楽町
23007G,滋賀県甲賀郡水口町
23008,滋賀県坂田郡
23008A,滋賀県坂田郡近江町
23008B,滋賀県坂田郡伊吹町
23008C,滋賀県坂田郡山東町
23008D,滋賀県坂田郡米原町
23009,滋賀県滋賀郡
23009A,滋賀県滋賀郡志賀町
2301,滋賀県大津市
23010,滋賀県高島郡
23010A,滋賀県高島郡朽木村
23010B,滋賀県高島郡高島町
23010C,滋賀県高島郡マキノ町
23010D,滋賀県高島郡安曇川町
23010E,滋賀県高島郡今津町
23010F,滋賀県高島郡新旭町
23011,滋賀県東浅井郡
23011A,滋賀県東浅井郡湖北町
23011B,滋賀県東浅井郡虎姫町
23011C,滋賀県東浅井郡びわ町
23011D,滋賀県東浅井郡浅井町
23012,滋賀県野洲郡
23012A,滋賀県野洲郡野洲町
23012B,滋賀県野洲郡中主町
2302,滋賀県彦根市
2303,滋賀県長浜市
2304,滋賀県近江八幡市
2305,滋賀県八日市市
2306,滋賀県草津市
2307,滋賀県守山市
2308,滋賀県栗東市
2309,滋賀県甲賀市
2310,滋賀県野洲市
2311,滋賀県湖南市
2312,滋賀県高島市
2313,滋賀県東近江市
2314,滋賀県米原市
24001,奈良県生駒郡
24001A,奈良県生駒郡安堵町
24001B,奈良県生駒郡斑鳩町
24001C,奈良県生駒郡三郷町
24001D,奈良県生駒郡平群町
24002,奈良県宇陀郡
24002A,奈良県宇陀郡菟田野町
24002B,奈良県宇陀郡大宇陀町
24002C,奈良県宇陀郡曽爾村
24002D,奈良県宇陀郡御杖村
24002E,奈良県宇陀郡榛原町
24002F,奈良県宇陀郡室生村
24003,奈良県宇智郡
24004,奈良県北葛城郡
24004A,奈良県北葛城郡王寺町
24004B,奈良県北葛城郡香芝町
24004C,奈良県北葛城郡上牧町
24004D,奈良県北葛城郡河合町
24004E,奈良県北葛城郡新庄町
24004F,奈良県北葛城郡広陵町
24004G,奈良県北葛城郡當麻町
24005,奈良県磯城郡
24005A,奈良県磯城郡川西町
24005B,奈良県磯城郡田原本町
24005C,奈良県磯城郡三宅町
24006,奈良県添上郡
24006A,奈良県添上郡月ヶ瀬村
24007,奈良県高市郡
24007A,奈良県高市郡明日香村
24007B,奈良県高市郡高取町
24008,奈良県南葛城郡
24009,奈良県山辺郡
24009A,奈良県山辺郡都祁村
24009B,奈良県山辺郡山添村
2401,奈良県奈良市
24010,奈良県吉野郡
24010A,奈良県吉野郡上北山村
24010B,奈良県吉野郡黒滝村
24010C,奈良県吉野郡下北山村
24010D,奈良県吉野郡大塔村
24010E,奈良県吉野郡大淀町
24010F,奈良県吉野郡川上村
24010G,奈良県吉野郡下市町
24010H,奈良県吉野郡天川村
24010I,奈良県吉野郡十津川村
24010J,奈良県吉野郡西吉野村
24010K,奈良県吉野郡野迫川村
24010L,奈良県吉野郡東吉野村
24010M,奈良県吉野郡吉野町
2402,奈良県大和高田市
2403,奈良県大和郡山市
2404,奈良県天理市
2405,奈良県橿原市
2406,奈良県桜井市
2407,奈良県五條市
2408,奈良県御所市
2409,奈良県生駒市
2410,奈良県香芝市
2411,奈良県葛城市
2412,奈良県宇陀市
25001,大阪府北河内郡
25002,大阪府泉南郡
25002A,大阪府泉南郡熊取町
25002B,大阪府泉南郡田尻町
25002C,大阪府泉南郡阪南町
25002D,大阪府泉南郡岬町
25003,大阪府泉北郡
25003A,大阪府泉北郡忠岡町
25004,大阪府豊能郡
25004A,大阪府豊能郡豊能町
25004B,大阪府豊能郡能勢町
25005,大阪府中河内郡
25006,大阪府三島郡
25006A,大阪府三島郡島本町
25007,大阪府南河内郡
25007A,大阪府南河内郡河南町
25007B,大阪府南河内郡狭山町
25007C,大阪府南河内郡太子町
25007D,大阪府南河内郡千早赤阪村
25007E,大阪府南河内郡美原町
2501,大阪府大阪市
250101,大阪市北区
250102,大阪市都島区
250103,大阪市福島区
250104,大阪市此花区
250105,大阪市東区
250106,大阪市西区
250107,大阪市港区
250108,大阪市大正区
250109,大阪市天王寺区
250110,大阪市南区
250111,大阪市浪速区
250112,大阪市大淀区
250113,大阪市西淀川区
250114,大阪市東淀川区
250115,大阪市東成区
250116,大阪市生野区
250117,大阪市旭区
250118,大阪市城東区
250119,大阪市阿倍野区
250120,大阪市住吉区
250121,大阪市東住吉区
250122,大阪市西成区
250123,大阪市淀川区
250124,大阪市鶴見区
250125,大阪市住之江区
250126,大阪市平野区
250127,大阪市中央区
2502,大阪府堺市
250201,堺市堺区
250202,堺市中区
250203,堺市東区
250204,堺市西区
250205,堺市南区
250206,堺市北区
250207,堺市美原区
2503,大阪府岸和田市
2504,大阪府豊中市
2505,大阪府布施市
2506,大阪府池田市
2507,大阪府吹田市
2508,大阪府泉大津市
2509,大阪府高槻市
2510,大阪府貝塚市
2511,大阪府守口市
2512,大阪府枚方市
2513,大阪府茨木市
2514,大阪府八尾市
2515,大阪府泉佐野市
2516,大阪府富田林市
2517,大阪府寝屋川市
2518,大阪府河内長野市
2519,大阪府枚岡市
2520,大阪府河内市
2521,大阪府松原市
2522,大阪府大東市
2523,大阪府和泉市
2524,大阪府箕面市
2525,大阪府柏原市
2526,大阪府羽曳野市
2527,大阪府門真市
2528,大阪府摂津市
2529,大阪府藤井寺市
2530,大阪府高石市
2531,大阪府東大阪市
2532,大阪府泉南市
2533,大阪府四條畷市
2534,大阪府交野市
2535,大阪府大阪狭山市
2536,大阪府阪南市
26001,和歌山県有田郡
26001A,和歌山県有田郡広川町
26001B,和歌山県有田郡湯浅町
26001C,和歌山県有田郡金屋町
26001D,和歌山県有田郡吉備町
26001E,和歌山県有田郡清水町
26001F,和歌山県有田郡有田川町
26002,和歌山県伊都郡
26002A,和歌山県伊都郡九度山町
26002B,和歌山県伊都郡高野口町
26002C,和歌山県伊都郡かつらぎ町
26002D,和歌山県伊都郡高野町
26002E,和歌山県伊都郡花園村
26003,和歌山県海草郡
26003A,和歌山県海草郡下津町
26003B,和歌山県海草郡野上町
26003C,和歌山県海草郡美里町
26003D,和歌山県海草郡紀美野町
26004,和歌山県那賀郡
26004A,和歌山県那賀郡岩出町
26004B,和歌山県那賀郡貴志川町
26004C,和歌山県那賀郡打田町
26004D,和歌山県那賀郡粉河町
26004E,和歌山県那賀郡那賀町
26004F,和歌山県那賀郡桃山町
26005,和歌山県西牟婁郡
26005A,和歌山県西牟婁郡大塔村
26005B,和歌山県西牟婁郡上富田町
26005C,和歌山県西牟婁郡串本町
26005D,和歌山県西牟婁郡白浜町
26005E,和歌山県西牟婁郡すさみ町
26005F,和歌山県西牟婁郡中辺路町
26005G,和歌山県西牟婁郡日置川町
26006,和歌山県東牟婁郡
26006A,和歌山県東牟婁郡北山村
26006B,和歌山県東牟婁郡古座町
26006C,和歌山県東牟婁郡熊野川町
26006D,和歌山県東牟婁郡古座川町
26006E,和歌山県東牟婁郡太地町
26006F,和歌山県東牟婁郡那智勝浦町
26006G,和歌山県東牟婁郡本宮町
26006H,和歌山県東牟婁郡串本町
26007,和歌山県日高郡
26007A,和歌山県日高郡中津村
26007B,和歌山県日高郡南部町
26007C,和歌山県日高郡由良町
26007D,和歌山県日高郡印南町
26007E,和歌山県日高郡川辺町
26007F,和歌山県日高郡日高町
26007G,和歌山県日高郡南部川村
26007H,和歌山県日高郡美浜町
26007I,和歌山県日高郡美山村
26007J,和歌山県日高郡龍神村
26007K,和歌山県日高郡みなべ町
26007L,和歌山県日高郡日高川町
2601,和歌山県和歌山市
2602,和歌山県新宮市
2603,和歌山県海南市
2604,和歌山県田辺市
2605,和歌山県御坊市
2606,和歌山県橋本市
2607,和歌山県有田市
2608,和歌山県紀の川市
2609,和歌山県岩出市
27001,兵庫県赤穂郡
27001A,兵庫県赤穂郡上郡町
27002,兵庫県朝来郡
27002A,兵庫県朝来郡朝来町
27002B,兵庫県朝来郡山東町
27002C,兵庫県朝来郡和田山町
27002D,兵庫県朝来郡生野町
27003,兵庫県有馬郡
27004,兵庫県出石郡
27004A,兵庫県出石郡出石町
27004B,兵庫県出石郡但東町
27005,兵庫県揖保郡
27005A,兵庫県揖保郡揖保川町
27005B,兵庫県揖保郡御津町
27005C,兵庫県揖保郡新宮町
27005D,兵庫県揖保郡太子町
27006,兵庫県印南郡
27006A,兵庫県印南郡志方町
27007,兵庫県加古郡
27007A,兵庫県加古郡稲美町
27007B,兵庫県加古郡播磨町
27008,兵庫県加西郡
27009,兵庫県加東郡
27009A,兵庫県加東郡滝野町
27009B,兵庫県加東郡東条町
27009C,兵庫県加東郡社町
2701,兵庫県神戸市
27010,兵庫県川辺郡
270101,神戸市東灘区
270102,神戸市灘区
270103,神戸市兵庫区
270104,神戸市長田区
270105,神戸市須磨区
270106,神戸市垂水区
270107,神戸市北区
270108,神戸市中央区
270109,神戸市西区
27010A,兵庫県川辺郡猪名川町
27011,兵庫県神崎郡
270110,神戸市葺合区
270111,神戸市生田区
27011A,兵庫県神崎郡市川町
27011B,兵庫県神崎郡香寺町
27011C,兵庫県神崎郡福崎町
27011D,兵庫県神崎郡大河内町
27011E,兵庫県神崎郡神崎町
27011F,兵庫県神崎郡神河町
27012,兵庫県城崎郡
27012A,兵庫県城崎郡城崎町
27012B,兵庫県城崎郡香住町
27012C,兵庫県城崎郡竹野町
27012D,兵庫県城崎郡日高町
27013,兵庫県佐用郡
27013A,兵庫県佐用郡三日月町
27013B,兵庫県佐用郡上月町
27013C,兵庫県佐用郡佐用町
27013D,兵庫県佐用郡南光町
27014,兵庫県飾磨郡
27014A,兵庫県飾磨郡家島町
27014B,兵庫県飾磨郡夢前町
27015,兵庫県宍粟郡
27015A,兵庫県宍粟郡千種町
27015B,兵庫県宍粟郡波賀町
27015C,兵庫県宍粟郡安富町
27015D,兵庫県宍粟郡一宮町
27015E,兵庫県宍粟郡山崎町
27016,兵庫県多可郡
27016A,兵庫県多可郡黒田庄町
27016B,兵庫県多可郡中町
27016C,兵庫県多可郡八千代町
27016D,兵庫県多可郡加美町
27016E,兵庫県多可郡多可町
27017,兵庫県多紀郡
27017A,兵庫県多紀郡今田町
27017B,兵庫県多紀郡西紀町
27017C,兵庫県多紀郡篠山町
27017D,兵庫県多紀郡丹南町
27018,兵庫県津名郡
27018A,兵庫県津名郡東浦町
27018B,兵庫県津名郡淡路町
27018C,兵庫県津名郡一宮町
27018D,兵庫県津名郡五色町
27018E,兵庫県津名郡津名町
27018F,兵庫県津名郡北淡町
27019,兵庫県氷上郡
27019A,兵庫県氷上郡青垣町
27019B,兵庫県氷上郡市島町
27019C,兵庫県氷上郡柏原町
27019D,兵庫県氷上郡春日町
27019E,兵庫県氷上郡山南町
27019F,兵庫県氷上郡氷上町
2702,兵庫県姫路市
27020,兵庫県美方郡
27020A,兵庫県美方郡浜坂町
27020B,兵庫県美方郡美方町
27020C,兵庫県美方郡温泉町
27020D,兵庫県美方郡村岡町
27020E,兵庫県美方郡香美町
27020F,兵庫県美方郡新温泉町
27021,兵庫県美嚢郡
27021A,兵庫県美嚢郡吉川町
27022,兵庫県三原郡
27022A,兵庫県三原郡緑町
27022B,兵庫県三原郡三原町
27022C,兵庫県三原郡西淡町
27022D,兵庫県三原郡南淡町
27023,兵庫県武庫郡
27024,兵庫県養父郡
27024A,兵庫県養父郡八鹿町
27024B,兵庫県養父郡大屋町
27024C,兵庫県養父郡関宮町
27024D,兵庫県養父郡養父町
2703,兵庫県尼崎市
2704,兵庫県明石市
2705,兵庫県西宮市
2706,兵庫県洲本市
2707,兵庫県芦屋市
2708,兵庫県伊丹市
2709,兵庫県相生市
2710,兵庫県豊岡市
2711,兵庫県加古川市
2712,兵庫県龍野市
2713,兵庫県赤穂市
2714,兵庫県西脇市
2715,兵庫県宝塚市
2716,兵庫県三木市
2717,兵庫県高砂市
2718,兵庫県川西市
2719,兵庫県小野市
2720,兵庫県三田市
2721,兵庫県加西市
2722,兵庫県篠山市
2723,兵庫県養父市
2724,兵庫県丹波市
2725,兵庫県南あわじ市
2726,兵庫県朝来市
2727,兵庫県淡路市
2728,兵庫県宍粟市
2729,兵庫県加東市
2730,兵庫県たつの市
2731,兵庫県丹波篠山市
28001,富山県射水郡
28001A,富山県射水郡大島町
28001B,富山県射水郡下村
28001C,富山県射水郡小杉町
28001D,富山県射水郡大門町
28002,富山県上新川郡
28002A,富山県上新川郡大沢野町
28002B,富山県上新川郡大山町
28003,富山県下新川郡
28003A,富山県下新川郡朝日町
28003B,富山県下新川郡宇奈月町
28003C,富山県下新川郡入善町
28004,富山県中新川郡
28004A,富山県中新川郡舟橋村
28004B,富山県中新川郡上市町
28004C,富山県中新川郡立山町
28005,富山県西砺波郡
28005A,富山県西砺波郡福岡町
28005B,富山県西砺波郡福光町
28006,富山県婦負郡
28006A,富山県婦負郡細入村
28006B,富山県婦負郡山田村
28006C,富山県婦負郡婦中町
28006D,富山県婦負郡八尾町
28007,富山県氷見郡
28008,富山県東砺波郡
28008A,富山県東砺波郡井波町
28008B,富山県東砺波郡井口村
28008C,富山県東砺波郡上平村
28008D,富山県東砺波郡庄川町
28008E,富山県東砺波郡城端町
28008F,富山県東砺波郡平村
28008G,富山県東砺波郡福野町
28008H,富山県東砺波郡利賀村
2801,富山県富山市
2802,富山県高岡市
2803,富山県新湊市
2804,富山県魚津市
2805,富山県氷見市
2806,富山県滑川市
2807,富山県黒部市
2808,富山県砺波市
2809,富山県小矢部市
2810,富山県南砺市
2811,富山県射水市
29001,福井県足羽郡
29001A,福井県足羽郡美山町
29002,福井県今立郡
29002A,福井県今立郡今立町
29002B,福井県今立郡池田町
29003,福井県大飯郡
29003A,福井県大飯郡大飯町
29003B,福井県大飯郡高浜町
29003C,福井県大飯郡おおい町
29004,福井県大野郡
29004A,福井県大野郡和泉村
29005,福井県遠敷郡
29005A,福井県遠敷郡上中町
29005B,福井県遠敷郡名田庄村
29006,福井県坂井郡
29006A,福井県坂井郡坂井町
29006B,福井県坂井郡春江町
29006C,福井県坂井郡丸岡町
29006D,福井県坂井郡三国町
29006E,福井県坂井郡芦原町
29006F,福井県坂井郡金津町
29007,福井県敦賀郡
29008,福井県南条郡
29008A,福井県南条郡今庄町
29008B,福井県南条郡河野村
29008C,福井県南条郡南条町
29008D,福井県南条郡南越前町
29009,福井県丹生郡
29009A,福井県丹生郡朝日町
29009B,福井県丹生郡織田町
29009C,福井県丹生郡越廼村
29009D,福井県丹生郡清水町
29009E,福井県丹生郡宮崎村
29009F,福井県丹生郡越前町
2901,福井県福井市
29010,福井県三方郡
29010A,福井県三方郡三方町
29010B,福井県三方郡美浜町
29011,福井県吉田郡
29011A,福井県吉田郡永平寺町
29011B,福井県吉田郡上志比村
29011C,福井県吉田郡松岡町
29012,福井県三方上中郡
29012A,福井県三方上中郡若狭町
2902,福井県敦賀市
2903,福井県武生市
2904,福井県小浜市
2905,福井県大野市
2906,福井県勝山市
2907,福井県鯖江市
2908,福井県あわら市
2909,福井県越前市
2910,福井県坂井市
30001,石川県石川郡
30001A,石川県石川郡尾口村
30001B,石川県石川郡河内村
30001C,石川県石川郡白峰村
30001D,石川県石川郡鶴来町
30001E,石川県石川郡野々市町
30001F,石川県石川郡美川町
30001G,石川県石川郡鳥越村
30001H,石川県石川郡吉野谷村
30002,石川県江沼郡
30002A,石川県江沼郡山中町
30003,石川県鹿島郡
30003A,石川県鹿島郡田鶴浜町
30003B,石川県鹿島郡鳥屋町
30003C,石川県鹿島郡中島町
30003D,石川県鹿島郡能登島町
30003E,石川県鹿島郡鹿島町
30003F,石川県鹿島郡鹿西町
30003G,石川県鹿島郡中能登町
30004,石川県河北郡
30004A,石川県河北郡内灘町
30004B,石川県河北郡宇ノ気町
30004C,石川県河北郡高松町
30004D,石川県河北郡七塚町
30004E,石川県河北郡津幡町
30005,石川県珠洲郡
30005A,石川県珠洲郡内浦町
30006,石川県能美郡
30006A,石川県能美郡根上町
30006B,石川県能美郡川北町
30006C,石川県能美郡辰口町
30006D,石川県能美郡寺井町
30007,石川県羽咋郡
30007A,石川県羽咋郡志雄町
30007B,石川県羽咋郡押水町
30007C,石川県羽咋郡志賀町
30007D,石川県羽咋郡富来町
30007E,石川県羽咋郡宝達志水町
30008,石川県鳳至郡
30008A,石川県鳳至郡柳田村
30008B,石川県鳳至郡穴水町
30008C,石川県鳳至郡能都町
30008D,石川県鳳至郡門前町
30009,石川県鳳珠郡
30009A,石川県鳳珠郡穴水町
30009B,石川県鳳珠郡門前町
30009C,石川県鳳珠郡能登町
3001,石川県金沢市
3002,石川県七尾市
3003,石川県小松市
3004,石川県輪島市
3005,石川県珠洲市
3006,石川県加賀市
3007,石川県羽咋市
3008,石川県松任市
3009,石川県かほく市
3010,石川県白山市
3011,石川県能美市
3012,石川県野々市市
31001,岡山県英田郡
31001A,岡山県英田郡英田町
31001B,岡山県英田郡西粟倉村
31001C,岡山県英田郡東粟倉村
31001D,岡山県英田郡美作町
31001E,岡山県英田郡大原町
31001F,岡山県英田郡作東町
31002,岡山県赤磐郡
31002A,岡山県赤磐郡熊山町
31002B,岡山県赤磐郡山陽町
31002C,岡山県赤磐郡瀬戸町
31002D,岡山県赤磐郡赤坂町
31002E,岡山県赤磐郡吉井町
31003,岡山県浅口郡
31003A,岡山県浅口郡鴨方町
31003B,岡山県浅口郡里庄町
31003C,岡山県浅口郡船穂町
31003D,岡山県浅口郡寄島町
31003E,岡山県浅口郡金光町
31004,岡山県阿哲郡
31004A,岡山県阿哲郡大佐町
31004B,岡山県阿哲郡神郷町
31004C,岡山県阿哲郡哲西町
31004D,岡山県阿哲郡哲多町
31005,岡山県邑久郡
31005A,岡山県邑久郡長船町
31005B,岡山県邑久郡牛窓町
31005C,岡山県邑久郡邑久町
31006,岡山県小田郡
31006A,岡山県小田郡美星町
31006B,岡山県小田郡矢掛町
31007,岡山県勝田郡
31007A,岡山県勝田郡勝北町
31007B,岡山県勝田郡奈義町
31007C,岡山県勝田郡勝田町
31007D,岡山県勝田郡勝央町
31008,岡山県川上郡
31008A,岡山県川上郡川上町
31008B,岡山県川上郡成羽町
31008C,岡山県川上郡備中町
31009,岡山県吉備郡
31009A,岡山県吉備郡真備町
3101,岡山県岡山市
31010,岡山県久米郡
310101,岡山市北区
310102,岡山市中区
310103,岡山市東区
310104,岡山市南区
31010A,岡山県久米郡中央町
31010B,岡山県久米郡旭町
31010C,岡山県久米郡久米町
31010D,岡山県久米郡久米南町
31010E,岡山県久米郡柵原町
31010F,岡山県久米郡美咲町
31011,岡山県児島郡
31011A,岡山県児島郡灘崎町
31012,岡山県後月郡
31012A,岡山県後月郡芳井町
31013,岡山県上道郡
31014,岡山県上房郡
31014A,岡山県上房郡有漢町
31014B,岡山県上房郡北房町
31014C,岡山県上房郡賀陽町
31015,岡山県都窪郡
31015A,岡山県都窪郡清音村
31015B,岡山県都窪郡早島町
31015C,岡山県都窪郡山手村
31016,岡山県苫田郡
31016A,岡山県苫田郡阿波村
31016B,岡山県苫田郡上斎原村
31016C,岡山県苫田郡富村
31016D,岡山県苫田郡奥津町
31016E,岡山県苫田郡鏡野町
31016F,岡山県苫田郡加茂町
31017,岡山県真庭郡
31017A,岡山県真庭郡落合町
31017B,岡山県真庭郡川上村
31017C,岡山県真庭郡久世町
31017D,岡山県真庭郡新庄村
31017E,岡山県真庭郡中和村
31017F,岡山県真庭郡美甘村
31017G,岡山県真庭郡八束村
31017H,岡山県真庭郡勝山町
31017I,岡山県真庭郡湯原町
31018,岡山県御津郡
31018A,岡山県御津郡御津町
31018B,岡山県御津郡加茂川町
31018C,岡山県御津郡建部町
31019,岡山県和気郡
31019A,岡山県和気郡日生町
31019B,岡山県和気郡和気町
31019C,岡山県和気郡佐伯町
31019D,岡山県和気郡吉永町
3102,岡山県倉敷市
31020,岡山県加賀郡
31020A,岡山県加賀郡吉備中央町
3103,岡山県津山市
3104,岡山県玉野市
3105,岡山県児島市
3106,岡山県玉島市
3107,岡山県笠岡市
3108,岡山県西大寺市
3109,岡山県井原市
3110,岡山県総社市
3111,岡山県高梁市
3112,岡山県新見市
3113,岡山県備前市
3114,岡山県瀬戸内市
3115,岡山県赤磐市
3116,岡山県真庭市
3117,岡山県美作市
3118,岡山県浅口市
32001,島根県安濃郡
32002,島根県海士郡
32003,島根県飯石郡
32003A,島根県飯石郡赤来町
32003B,島根県飯石郡掛合町
32003C,島根県飯石郡頓原町
32003D,島根県飯石郡三刀屋町
32003E,島根県飯石郡吉田村
32003F,島根県飯石郡飯南町
32004,島根県邑智郡
32004A,島根県邑智郡石見町
32004B,島根県邑智郡邑智町
32004C,島根県邑智郡川本町
32004D,島根県邑智郡桜江町
32004E,島根県邑智郡大和村
32004F,島根県邑智郡羽須美村
32004G,島根県邑智郡瑞穂町
32004H,島根県邑智郡美郷町
32004I,島根県邑智郡邑南町
32005,島根県大原郡
32005A,島根県大原郡加茂町
32005B,島根県大原郡木次町
32005C,島根県大原郡大東町
32006,島根県隠岐郡
32006A,島根県隠岐郡五箇村
32006B,島根県隠岐郡知夫村
32006C,島根県隠岐郡布施村
32006D,島根県隠岐郡海士町
32006E,島根県隠岐郡西郷町
32006F,島根県隠岐郡都万村
32006G,島根県隠岐郡西ノ島町
32006H,島根県隠岐郡隠岐の島町
32007,島根県穏地郡
32008,島根県鹿足郡
32008A,島根県鹿足郡柿木村
32008B,島根県鹿足郡日原町
32008C,島根県鹿足郡津和野町
32008D,島根県鹿足郡六日市町
32008E,島根県鹿足郡吉賀町
32009,島根県周吉郡
3201,島根県松江市
32010,島根県知夫郡
32011,島根県那賀郡
32011A,島根県那賀郡旭町
32011B,島根県那賀郡金城町
32011C,島根県那賀郡三隅町
32011D,島根県那賀郡弥栄村
32012,島根県仁多郡
32012A,島根県仁多郡仁多町
32012B,島根県仁多郡横田町
32012C,島根県仁多郡奥出雲町
32013,島根県邇摩郡
32013A,島根県邇摩郡仁摩町
32013B,島根県邇摩郡温泉津町
32014,島根県能義郡
32014A,島根県能義郡伯太町
32014B,島根県能義郡広瀬町
32015,島根県簸川郡
32015A,島根県簸川郡湖陵町
32015B,島根県簸川郡大社町
32015C,島根県簸川郡佐田町
32015D,島根県簸川郡多伎町
32015E,島根県簸川郡斐川町
32016,島根県美濃郡
32016A,島根県美濃郡匹見町
32016B,島根県美濃郡美都町
32017,島根県八束郡
32017A,島根県八束郡玉湯町
32017B,島根県八束郡東出雲町
32017C,島根県八束郡八雲村
32017D,島根県八束郡八束町
32017E,島根県八束郡鹿島町
32017F,島根県八束郡島根町
32017G,島根県八束郡宍道町
32017H,島根県八束郡美保関町
3202,島根県浜田市
3203,島根県出雲市
3204,島根県益田市
3205,島根県大田市
3206,島根県安来市
3207,島根県江津市
3208,島根県平田市
3209,島根県雲南市
33001,山口県厚狭郡
33001A,山口県厚狭郡楠町
33001B,山口県厚狭郡山陽町
33002,山口県阿武郡
33002A,山口県阿武郡川上村
33002B,山口県阿武郡旭村
33002C,山口県阿武郡阿東町
33002D,山口県阿武郡阿武町
33002E,山口県阿武郡須佐町
33002F,山口県阿武郡田万川町
33002G,山口県阿武郡福栄村
33002H,山口県阿武郡むつみ村
33003,山口県大島郡
33003A,山口県大島郡大島町
33003B,山口県大島郡久賀町
33003C,山口県大島郡橘町
33003D,山口県大島郡東和町
33003E,山口県大島郡周防大島町
33004,山口県大津郡
33004A,山口県大津郡三隅町
33004B,山口県大津郡日置町
33004C,山口県大津郡油谷町
33005,山口県玖珂郡
33005A,山口県玖珂郡大畠町
33005B,山口県玖珂郡玖珂町
33005C,山口県玖珂郡本郷村
33005D,山口県玖珂郡由宇町
33005E,山口県玖珂郡和木町
33005F,山口県玖珂郡周東町
33005G,山口県玖珂郡錦町
33005H,山口県玖珂郡美川町
33005I,山口県玖珂郡美和町
33006,山口県熊毛郡
33006A,山口県熊毛郡上関町
33006B,山口県熊毛郡田布施町
33006C,山口県熊毛郡大和町
33006D,山口県熊毛郡熊毛町
33006E,山口県熊毛郡平生町
33007,山口県佐波郡
33007A,山口県佐波郡徳地町
33008,山口県都濃郡
33008A,山口県都濃郡鹿野町
33009,山口県豊浦郡
33009A,山口県豊浦郡菊川町
33009B,山口県豊浦郡豊浦町
33009C,山口県豊浦郡豊田町
33009D,山口県豊浦郡豊北町
3301,山口県山口市
33010,山口県美祢郡
33010A,山口県美祢郡秋芳町
33010B,山口県美祢郡美東町
33011,山口県吉敷郡
33011A,山口県吉敷郡秋穂町
33011B,山口県吉敷郡阿知須町
33011C,山口県吉敷郡小郡町
3302,山口県下関市
3303,山口県宇部市
3304,山口県萩市
3305,山口県徳山市
3306,山口県防府市
3307,山口県下松市
3308,山口県岩国市
3309,山口県小野田市
3310,山口県光市
3311,山口県長門市
3312,山口県柳井市
3313,山口県美祢市
3314,山口県新南陽市
3315,山口県周南市
3316,山口県山陽小野田市
34001,鳥取県岩美郡
34001A,鳥取県岩美郡岩美町
34001B,鳥取県岩美郡国府町
34001C,鳥取県岩美郡福部村
34002,鳥取県気高郡
34002A,鳥取県気高郡青谷町
34002B,鳥取県気高郡気高町
34002C,鳥取県気高郡鹿野町
34003,鳥取県西伯郡
34003A,鳥取県西伯郡会見町
34003B,鳥取県西伯郡岸本町
34003C,鳥取県西伯郡日吉津村
34003D,鳥取県西伯郡西伯町
34003E,鳥取県西伯郡大山町
34003F,鳥取県西伯郡中山町
34003G,鳥取県西伯郡名和町
34003H,鳥取県西伯郡淀江町
34003I,鳥取県西伯郡南部町
34003J,鳥取県西伯郡伯耆町
34004,鳥取県東伯郡
34004A,鳥取県東伯郡赤碕町
34004B,鳥取県東伯郡大栄町
34004C,鳥取県東伯郡東郷町
34004D,鳥取県東伯郡泊村
34004E,鳥取県東伯郡羽合町
34004F,鳥取県東伯郡北条町
34004G,鳥取県東伯郡関金町
34004H,鳥取県東伯郡東伯町
34004I,鳥取県東伯郡三朝町
34004J,鳥取県東伯郡湯梨浜町
34004K,鳥取県東伯郡琴浦町
34004L,鳥取県東伯郡北栄町
34005,鳥取県日野郡
34005A,鳥取県日野郡江府町
34005B,鳥取県日野郡日南町
34005C,鳥取県日野郡日野町
34005D,鳥取県日野郡溝口町
34006,鳥取県八頭郡
34006A,鳥取県八頭郡佐治村
34006B,鳥取県八頭郡船岡町
34006C,鳥取県八頭郡用瀬町
34006D,鳥取県八頭郡若桜町
34006E,鳥取県八頭郡河原町
34006F,鳥取県八頭郡郡家町
34006G,鳥取県八頭郡智頭町
34006H,鳥取県八頭郡八東町
34006I,鳥取県八頭郡八頭町
3401,鳥取県鳥取市
3402,鳥取県倉吉市
3403,鳥取県米子市
3404,鳥取県境港市
35001,広島県安芸郡
35001A,広島県安芸郡江田島町
35001B,広島県安芸郡音戸町
35001C,広島県安芸郡海田町
35001D,広島県安芸郡熊野町
35001E,広島県安芸郡倉橋町
35001F,広島県安芸郡坂町
35001G,広島県安芸郡下蒲刈町
35001H,広島県安芸郡府中町
35001I,広島県安芸郡蒲刈町
35002,広島県安佐郡
35003,広島県芦品郡
35003A,広島県芦品郡新市町
35004,広島県賀茂郡
35004A,広島県賀茂郡豊栄町
35004B,広島県賀茂郡黒瀬町
35004C,広島県賀茂郡河内町
35004D,広島県賀茂郡大和町
35004E,広島県賀茂郡福富町
35005,広島県甲奴郡
35005A,広島県甲奴郡甲奴町
35005B,広島県甲奴郡上下町
35005C,広島県甲奴郡総領町
35006,広島県佐伯郡
35006A,広島県佐伯郡沖美町
35006B,広島県佐伯郡能美町
35006C,広島県佐伯郡廿日市町
35006D,広島県佐伯郡宮島町
35006E,広島県佐伯郡吉和村
35006F,広島県佐伯郡五日市町
35006G,広島県佐伯郡大柿町
35006H,広島県佐伯郡大野町
35006I,広島県佐伯郡佐伯町
35006J,広島県佐伯郡湯来町
35007,広島県神石郡
35007A,広島県神石郡豊松村
35007B,広島県神石郡三和町
35007C,広島県神石郡神石町
35007D,広島県神石郡油木町
35007E,広島県神石郡神石高原町
35008,広島県世羅郡
35008A,広島県世羅郡甲山町
35008B,広島県世羅郡世羅町
35008C,広島県世羅郡世羅西町
35009,広島県高田郡
35009A,広島県高田郡八千代町
35009B,広島県高田郡吉田町
35009C,広島県高田郡甲田町
35009D,広島県高田郡高宮町
35009E,広島県高田郡美土里町
35009F,広島県高田郡向原町
3501,広島県広島市
35010,広島県豊田郡
350101,広島市中区
350102,広島市東区
350103,広島市南区
350104,広島市西区
350105,広島市安佐南区
350106,広島市安佐北区
350107,広島市安芸区
350108,広島市佐伯区
35010A,広島県豊田郡安芸津町
35010B,広島県豊田郡大崎町
35010C,広島県豊田郡川尻町
35010D,広島県豊田郡木江町
35010E,広島県豊田郡東野町
35010F,広島県豊田郡瀬戸田町
35010G,広島県豊田郡豊浜町
35010H,広島県豊田郡本郷町
35010I,広島県豊田郡安浦町
35010J,広島県豊田郡豊町
35010K,広島県豊田郡大崎上島町
35011,広島県沼隈郡
35011A,広島県沼隈郡内海町
35011B,広島県沼隈郡沼隈町
35012,広島県比婆郡
35012A,広島県比婆郡比和町
35012B,広島県比婆郡口和町
35012C,広島県比婆郡西城町
35012D,広島県比婆郡高野町
35012E,広島県比婆郡東城町
35013,広島県深安郡
35013A,広島県深安郡神辺町
35014,広島県双三郡
35014A,広島県双三郡吉舎町
35014B,広島県双三郡君田村
35014C,広島県双三郡三良坂町
35014D,広島県双三郡作木村
35014E,広島県双三郡布野村
35014F,広島県双三郡三和町
35015,広島県御調郡
35015A,広島県御調郡向島町
35015B,広島県御調郡久井町
35015C,広島県御調郡御調町
35016,広島県山県郡
35016A,広島県山県郡筒賀村
35016B,広島県山県郡大朝町
35016C,広島県山県郡加計町
35016D,広島県山県郡芸北町
35016E,広島県山県郡千代田町
35016F,広島県山県郡戸河内町
35016G,広島県山県郡豊平町
35016H,広島県山県郡安芸太田町
35016I,広島県山県郡北広島町
3502,広島県呉市
3503,広島県竹原市
3504,広島県三原市
3505,広島県尾道市
3506,広島県因島市
3507,広島県松永市
3508,広島県福山市
3509,広島県府中市
3510,広島県三次市
3511,広島県庄原市
3512,広島県大竹市
3513,広島県東広島市
3514,広島県廿日市市
3515,広島県安芸高田市
3516,広島県江田島市
36001,香川県綾歌郡
36001A,香川県綾歌郡綾歌町
36001B,香川県綾歌郡綾上町
36001C,香川県綾歌郡宇多津町
36001D,香川県綾歌郡国分寺町
36001E,香川県綾歌郡飯山町
36001F,香川県綾歌郡綾南町
36001G,香川県綾歌郡綾川町
36002,香川県大川郡
36002A,香川県大川郡大川町
36002B,香川県大川郡寒川町
36002C,香川県大川郡津田町
36002D,香川県大川郡長尾町
36002E,香川県大川郡引田町
36002F,香川県大川郡大内町
36002G,香川県大川郡志度町
36002H,香川県大川郡白鳥町
36003,香川県香川郡
36003A,香川県香川郡香川町
36003B,香川県香川郡香南町
36003C,香川県香川郡直島町
36003D,香川県香川郡塩江町
36004,香川県木田郡
36004A,香川県木田郡庵治町
36004B,香川県木田郡三木町
36004C,香川県木田郡牟礼町
36005,香川県小豆郡
36005A,香川県小豆郡池田町
36005B,香川県小豆郡内海町
36005C,香川県小豆郡土庄町
36005D,香川県小豆郡小豆島町
36006,香川県仲多度郡
36006A,香川県仲多度郡琴平町
36006B,香川県仲多度郡多度津町
36006C,香川県仲多度郡仲南町
36006D,香川県仲多度郡琴南町
36006E,香川県仲多度郡満濃町
36006F,香川県仲多度郡まんのう町
36007,香川県三豊郡
36007A,香川県三豊郡大野原町
36007B,香川県三豊郡財田町
36007C,香川県三豊郡高瀬町
36007D,香川県三豊郡豊中町
36007E,香川県三豊郡豊浜町
36007F,香川県三豊郡仁尾町
36007G,香川県三豊郡三野町
36007H,香川県三豊郡山本町
36007I,香川県三豊郡詫間町
3601,香川県高松市
3602,香川県丸亀市
3603,香川県坂出市
3604,香川県善通寺市
3605,香川県観音寺市
3606,香川県さぬき市
3607,香川県東かがわ市
3608,香川県三豊市
37001,徳島県阿波郡
37001A,徳島県阿波郡阿波町
37001B,徳島県阿波郡市場町
37002,徳島県板野郡
37002A,徳島県板野郡藍住町
37002B,徳島県板野郡板野町
37002C,徳島県板野郡上板町
37002D,徳島県板野郡北島町
37002E,徳島県板野郡土成町
37002F,徳島県板野郡松茂町
37002G,徳島県板野郡吉野町
37003,徳島県麻植郡
37003A,徳島県麻植郡鴨島町
37003B,徳島県麻植郡川島町
37003C,徳島県麻植郡美郷村
37003D,徳島県麻植郡山川町
37004,徳島県海部郡
37004A,徳島県海部郡海部町
37004B,徳島県海部郡宍喰町
37004C,徳島県海部郡日和佐町
37004D,徳島県海部郡牟岐町
37004E,徳島県海部郡海南町
37004F,徳島県海部郡由岐町
37004G,徳島県海部郡美波町
37004H,徳島県海部郡海陽町
37005,徳島県勝浦郡
37005A,徳島県勝浦郡勝浦町
37005B,徳島県勝浦郡上勝町
37006,徳島県那賀郡
37006A,徳島県那賀郡羽ノ浦町
37006B,徳島県那賀郡鷲敷町
37006C,徳島県那賀郡相生町
37006D,徳島県那賀郡上那賀町
37006E,徳島県那賀郡木沢村
37006F,徳島県那賀郡木頭村
37006G,徳島県那賀郡那賀川町
37006H,徳島県那賀郡那賀町
37007,徳島県名西郡
37007A,徳島県名西郡石井町
37007B,徳島県名西郡神山町
37008,徳島県名東郡
37008A,徳島県名東郡佐那河内村
37009,徳島県美馬郡
37009A,徳島県美馬郡一宇村
37009B,徳島県美馬郡木屋平村
37009C,徳島県美馬郡穴吹町
37009D,徳島県美馬郡貞光町
37009E,徳島県美馬郡半田町
37009F,徳島県美馬郡美馬町
37009G,徳島県美馬郡脇町
37009H,徳島県美馬郡つるぎ町
3701,徳島県徳島市
37010,徳島県三好郡
37010A,徳島県三好郡井川町
37010B,徳島県三好郡西祖谷山村
37010C,徳島県三好郡東祖谷山村
37010D,徳島県三好郡三野町
37010E,徳島県三好郡池田町
37010F,徳島県三好郡三加茂町
37010G,徳島県三好郡三好町
37010H,徳島県三好郡山城町
37010I,徳島県三好郡東みよし町
3702,徳島県鳴門市
3703,徳島県小松島市
3704,徳島県阿南市
3705,徳島県吉野川市
3706,徳島県阿波市
3707,徳島県美馬市
3708,徳島県三好市
38001,愛媛県伊予郡
38001A,愛媛県伊予郡広田村
38001B,愛媛県伊予郡松前町
38001C,愛媛県伊予郡砥部町
38001D,愛媛県伊予郡中山町
38001E,愛媛県伊予郡双海町
38002,愛媛県宇摩郡
38002A,愛媛県宇摩郡新宮村
38002B,愛媛県宇摩郡土居町
38002C,愛媛県宇摩郡別子山村
38003,愛媛県越智郡
38003A,愛媛県越智郡朝倉村
38003B,愛媛県越智郡生名村
38003C,愛媛県越智郡岩城村
38003D,愛媛県越智郡魚島村
38003E,愛媛県越智郡大西町
38003F,愛媛県越智郡上浦町
38003G,愛媛県越智郡菊間町
38003H,愛媛県越智郡関前村
38003I,愛媛県越智郡玉川町
38003J,愛媛県越智郡波方町
38003K,愛媛県越智郡伯方町
38003L,愛媛県越智郡弓削町
38003M,愛媛県越智郡吉海町
38003N,愛媛県越智郡大三島町
38003O,愛媛県越智郡宮窪町
38003P,愛媛県越智郡上島町
38004,愛媛県温泉郡
38004A,愛媛県温泉郡川内町
38004B,愛媛県温泉郡重信町
38004C,愛媛県温泉郡中島町
38005,愛媛県上浮穴郡
38005A,愛媛県上浮穴郡小田町
38005B,愛媛県上浮穴郡面河村
38005C,愛媛県上浮穴郡柳谷村
38005D,愛媛県上浮穴郡久万町
38005E,愛媛県上浮穴郡美川村
38005F,愛媛県上浮穴郡久万高原町
38006,愛媛県喜多郡
38006A,愛媛県喜多郡五十崎町
38006B,愛媛県喜多郡河辺村
38006C,愛媛県喜多郡肱川町
38006D,愛媛県喜多郡内子町
38006E,愛媛県喜多郡長浜町
38007,愛媛県北宇和郡
38007A,愛媛県北宇和郡日吉村
38007B,愛媛県北宇和郡三間町
38007C,愛媛県北宇和郡吉田町
38007D,愛媛県北宇和郡津島町
38007E,愛媛県北宇和郡広見町
38007F,愛媛県北宇和郡松野町
38007G,愛媛県北宇和郡鬼北町
38008,愛媛県周桑郡
38008A,愛媛県周桑郡小松町
38008B,愛媛県周桑郡丹原町
38009,愛媛県新居郡
3801,愛媛県松山市
38010,愛媛県西宇和郡
38010A,愛媛県西宇和郡三瓶町
38010B,愛媛県西宇和郡伊方町
38010C,愛媛県西宇和郡瀬戸町
38010D,愛媛県西宇和郡保内町
38010E,愛媛県西宇和郡三崎町
38011,愛媛県東宇和郡
38011A,愛媛県東宇和郡明浜町
38011B,愛媛県東宇和郡宇和町
38011C,愛媛県東宇和郡城川町
38011D,愛媛県東宇和郡野村町
38012,愛媛県南宇和郡
38012A,愛媛県南宇和郡一本松町
38012B,愛媛県南宇和郡西海町
38012C,愛媛県南宇和郡内海村
38012D,愛媛県南宇和郡城辺町
38012E,愛媛県南宇和郡御荘町
38012F,愛媛県南宇和郡愛南町
3802,愛媛県今治市
3803,愛媛県宇和島市
3804,愛媛県八幡浜市
3805,愛媛県新居浜市
3806,愛媛県西条市
3807,愛媛県大洲市
3808,愛媛県伊予三島市
3809,愛媛県川之江市
3810,愛媛県伊予市
3811,愛媛県北条市
3812,愛媛県東予市
3813,愛媛県四国中央市
3814,愛媛県西予市
3815,愛媛県東温市
39001,高知県吾川郡
39001A,高知県吾川郡池川町
39001B,高知県吾川郡吾川村
39001C,高知県吾川郡伊野町
39001D,高知県吾川郡吾北村
39001E,高知県吾川郡春野町
39001F,高知県吾川郡いの町
39001G,高知県吾川郡仁淀川町
39002,高知県安芸郡
39002A,高知県安芸郡馬路村
39002B,高知県安芸郡田野町
39002C,高知県安芸郡奈半利町
39002D,高知県安芸郡安田町
39002E,高知県安芸郡北川村
39002F,高知県安芸郡芸西村
39002G,高知県安芸郡東洋町
39003,高知県香美郡
39003A,高知県香美郡赤岡町
39003B,高知県香美郡野市町
39003C,高知県香美郡夜須町
39003D,高知県香美郡吉川村
39003E,高知県香美郡香我美町
39003F,高知県香美郡香北町
39003G,高知県香美郡土佐山田町
39003H,高知県香美郡物部村
39004,高知県高岡郡
39004A,高知県高岡郡大野見村
39004B,高知県高岡郡佐川町
39004C,高知県高岡郡越知町
39004D,高知県高岡郡窪川町
39004E,高知県高岡郡中土佐町
39004F,高知県高岡郡仁淀村
39004G,高知県高岡郡葉山村
39004H,高知県高岡郡東津野村
39004I,高知県高岡郡日高村
39004J,高知県高岡郡檮原町
39004K,高知県高岡郡津野町
39004L,高知県高岡郡四万十町
39005,高知県土佐郡
39005A,高知県土佐郡鏡村
39005B,高知県土佐郡土佐山村
39005C,高知県土佐郡大川村
39005D,高知県土佐郡土佐町
39005E,高知県土佐郡本川村
39006,高知県長岡郡
39006A,高知県長岡郡大豊町
39006B,高知県長岡郡本山町
39007,高知県幡多郡
39007A,高知県幡多郡佐賀町
39007B,高知県幡多郡大正町
39007C,高知県幡多郡三原村
39007D,高知県幡多郡大方町
39007E,高知県幡多郡大月町
39007F,高知県幡多郡十和村
39007G,高知県幡多郡西土佐村
39007H,高知県幡多郡黒潮町
3901,高知県高知市
3902,高知県室戸市
3903,高知県安芸市
3904,高知県土佐市
3905,高知県須崎市
3906,高知県中村市
3907,高知県宿毛市
3908,高知県土佐清水市
3909,高知県南国市
3910,高知県四万十市
3911,高知県香南市
3912,高知県香美市
40001,福岡県朝倉郡
40001A,福岡県朝倉郡小石原村
40001B,福岡県朝倉郡宝珠山村
40001C,福岡県朝倉郡三輪町
40001D,福岡県朝倉郡夜須町
40001E,福岡県朝倉郡朝倉町
40001F,福岡県朝倉郡杷木町
40001G,福岡県朝倉郡筑前町
40001H,福岡県朝倉郡東峰村
40002,福岡県糸島郡
40002A,福岡県糸島郡志摩町
40002B,福岡県糸島郡二丈町
40002C,福岡県糸島郡前原町
40003,福岡県浮羽郡
40003A,福岡県浮羽郡浮羽町
40003B,福岡県浮羽郡田主丸町
40003C,福岡県浮羽郡吉井町
40004,福岡県遠賀郡
40004A,福岡県遠賀郡芦屋町
40004B,福岡県遠賀郡岡垣町
40004C,福岡県遠賀郡遠賀町
40004D,福岡県遠賀郡水巻町
40005,福岡県糟屋郡
40005A,福岡県糟屋郡宇美町
40005B,福岡県糟屋郡粕屋町
40005C,福岡県糟屋郡古賀町
40005D,福岡県糟屋郡篠栗町
40005E,福岡県糟屋郡志免町
40005F,福岡県糟屋郡新宮町
40005G,福岡県糟屋郡久山町
40005H,福岡県糟屋郡須恵町
40006,福岡県嘉穂郡
40006A,福岡県嘉穂郡稲築町
40006B,福岡県嘉穂郡碓井町
40006C,福岡県嘉穂郡桂川町
40006D,福岡県嘉穂郡庄内町
40006E,福岡県嘉穂郡筑穂町
40006F,福岡県嘉穂郡穂波町
40006G,福岡県嘉穂郡頴田町
40006H,福岡県嘉穂郡嘉穂町
40007,福岡県鞍手郡
40007A,福岡県鞍手郡小竹町
40007B,福岡県鞍手郡鞍手町
40007C,福岡県鞍手郡宮田町
40007D,福岡県鞍手郡若宮町
40008,福岡県早良郡
40009,福岡県田川郡
40009A,福岡県田川郡赤村
40009B,福岡県田川郡赤池町
40009C,福岡県田川郡糸田町
40009D,福岡県田川郡大任町
40009E,福岡県田川郡金田町
40009F,福岡県田川郡香春町
40009G,福岡県田川郡方城町
40009H,福岡県田川郡川崎町
40009I,福岡県田川郡添田町
40009J,福岡県田川郡福智町
4001,福岡県福岡市
40010,福岡県筑紫郡
400101,福岡市東区
400102,福岡市博多区
400103,福岡市中央区
400104,福岡市南区
400105,福岡市西区
400106,福岡市城南区
400107,福岡市早良区
40010A,福岡県筑紫郡太宰府町
40010B,福岡県筑紫郡那珂川町
40011,福岡県築上郡
40011A,福岡県築上郡新吉富村
40011B,福岡県築上郡吉富町
40011C,福岡県築上郡椎田町
40011D,福岡県築上郡大平村
40011E,福岡県築上郡築城町
40011F,福岡県築上郡上毛町
40011G,福岡県築上郡築上町
40012,福岡県三井郡
40012A,福岡県三井郡北野町
40012B,福岡県三井郡大刀洗町
40013,福岡県三池郡
40013A,福岡県三池郡高田町
40014,福岡県三潴郡
40014A,福岡県三潴郡大木町
40014B,福岡県三潴郡城島町
40014C,福岡県三潴郡三瀦町
40015,福岡県京都郡
40015A,福岡県京都郡勝山町
40015B,福岡県京都郡苅田町
40015C,福岡県京都郡豊津町
40015D,福岡県京都郡犀川町
40015E,福岡県京都郡みやこ町
40016,福岡県宗像郡
40016A,福岡県宗像郡大島村
40016B,福岡県宗像郡福間町
40016C,福岡県宗像郡玄海町
40016D,福岡県宗像郡津屋崎町
40016E,福岡県宗像郡宗像町
40017,福岡県山門郡
40017A,福岡県山門郡瀬高町
40017B,福岡県山門郡三橋町
40017C,福岡県山門郡山川町
40017D,福岡県山門郡大和町
40018,福岡県八女郡
40018A,福岡県八女郡上陽町
40018B,福岡県八女郡広川町
40018C,福岡県八女郡星野村
40018D,福岡県八女郡矢部村
40018E,福岡県八女郡黒木町
40018F,福岡県八女郡立花町
4002,福岡県小倉市
4003,福岡県門司市
4004,福岡県八幡市
4005,福岡県戸畑市
4006,福岡県若松市
4007,福岡県久留米市
4008,福岡県大牟田市
4009,福岡県直方市
4010,福岡県飯塚市
4011,福岡県田川市
4012,福岡県柳川市
4013,福岡県甘木市
4014,福岡県山田市
4015,福岡県八女市
4016,福岡県筑後市
4017,福岡県大川市
4018,福岡県行橋市
4019,福岡県豊前市
4020,福岡県中間市
4021,福岡県北九州市
402101,北九州市門司区
402102,北九州市若松区
402103,北九州市戸畑区
402104,北九州市小倉北区
402105,北九州市小倉南区
402106,北九州市八幡東区
402107,北九州市八幡西区
402108,北九州市八幡区
402109,北九州市小倉区
4022,福岡県小郡市
4023,福岡県春日市
4024,福岡県筑紫野市
4025,福岡県大野城市
4026,福岡県宗像市
4027,福岡県太宰府市
4028,福岡県前原市
4029,福岡県古賀市
4030,福岡県福津市
4031,福岡県うきは市
4032,福岡県宮若市
4033,福岡県嘉麻市
4034,福岡県朝倉市
4035,福岡県みやま市
4036,福岡県糸島市
4037,福岡県那珂川市
41001,佐賀県小城郡
41001A,佐賀県小城郡芦刈町
41001B,佐賀県小城郡牛津町
41001C,佐賀県小城郡小城町
41001D,佐賀県小城郡三日月町
41002,佐賀県神埼郡
41002A,佐賀県神埼郡脊振村
41002B,佐賀県神埼郡千代田町
41002C,佐賀県神埼郡東脊振村
41002D,佐賀県神埼郡三田川町
41002E,佐賀県神埼郡三瀬村
41002F,佐賀県神埼郡神埼町
41002G,佐賀県神埼郡吉野ヶ里町
41003,佐賀県杵島郡
41003A,佐賀県杵島郡有明町
41003B,佐賀県杵島郡大町町
41003C,佐賀県杵島郡北方町
41003D,佐賀県杵島郡江北町
41003E,佐賀県杵島郡福富町
41003F,佐賀県杵島郡山内町
41003G,佐賀県杵島郡白石町
41004,佐賀県佐賀郡
41004A,佐賀県佐賀郡久保田町
41004B,佐賀県佐賀郡東与賀町
41004C,佐賀県佐賀郡諸富町
41004D,佐賀県佐賀郡川副町
41004E,佐賀県佐賀郡富士町
41004F,佐賀県佐賀郡大和町
41005,佐賀県西松浦郡
41005A,佐賀県西松浦郡有田町
41005B,佐賀県西松浦郡西有田町
41006,佐賀県東松浦郡
41006A,佐賀県東松浦郡相知町
41006B,佐賀県東松浦郡北波多村
41006C,佐賀県東松浦郡厳木町
41006D,佐賀県東松浦郡玄海町
41006E,佐賀県東松浦郡七山村
41006F,佐賀県東松浦郡浜玉町
41006G,佐賀県東松浦郡呼子町
41006H,佐賀県東松浦郡鎮西町
41006I,佐賀県東松浦郡肥前町
41007,佐賀県藤津郡
41007A,佐賀県藤津郡嬉野町
41007B,佐賀県藤津郡塩田町
41007C,佐賀県藤津郡太良町
41008,佐賀県三養基郡
41008A,佐賀県三養基郡上峰町
41008B,佐賀県三養基郡北茂安町
41008C,佐賀県三養基郡基山町
41008D,佐賀県三養基郡中原町
41008E,佐賀県三養基郡三根町
41008F,佐賀県三養基郡みやき町
4101,佐賀県佐賀市
4102,佐賀県唐津市
4103,佐賀県鳥栖市
4104,佐賀県多久市
4105,佐賀県伊万里市
4106,佐賀県武雄市
4107,佐賀県鹿島市
4108,佐賀県小城市
4109,佐賀県嬉野市
4110,佐賀県神埼市
42001,長崎県壱岐郡
42001A,長崎県壱岐郡石田町
42001B,長崎県壱岐郡芦辺町
42001C,長崎県壱岐郡勝本町
42001D,長崎県壱岐郡郷ノ浦町
42002,長崎県上県郡
42002A,長崎県上県郡上県町
42002B,長崎県上県郡上対馬町
42002C,長崎県上県郡峰町
42003,長崎県北高来郡
42003A,長崎県北高来郡飯盛町
42003B,長崎県北高来郡小長井町
42003C,長崎県北高来郡森山町
42003D,長崎県北高来郡高来町
42004,長崎県北松浦郡
42004A,長崎県北松浦郡生月町
42004B,長崎県北松浦郡江迎町
42004C,長崎県北松浦郡大島村
42004D,長崎県北松浦郡小値賀町
42004E,長崎県北松浦郡佐々町
42004F,長崎県北松浦郡世知原町
42004G,長崎県北松浦郡鷹島町
42004H,長崎県北松浦郡田平町
42004I,長崎県北松浦郡福島町
42004J,長崎県北松浦郡吉井町
42004K,長崎県北松浦郡宇久町
42004L,長崎県北松浦郡小佐々町
42004M,長崎県北松浦郡鹿町町
42005,長崎県下県郡
42005A,長崎県下県郡豊玉町
42005B,長崎県下県郡厳原町
42005C,長崎県下県郡美津島町
42006,長崎県西彼杵郡
42006A,長崎県西彼杵郡伊王島町
42006B,長崎県西彼杵郡大島町
42006C,長崎県西彼杵郡香焼町
42006D,長崎県西彼杵郡三和町
42006E,長崎県西彼杵郡高島町
42006F,長崎県西彼杵郡野母崎町
42006G,長崎県西彼杵郡大瀬戸町
42006H,長崎県西彼杵郡琴海町
42006I,長崎県西彼杵郡西海町
42006J,長崎県西彼杵郡崎戸町
42006K,長崎県西彼杵郡西彼町
42006L,長崎県西彼杵郡外海町
42006M,長崎県西彼杵郡多良見町
42006N,長崎県西彼杵郡時津町
42006O,長崎県西彼杵郡長与町
42007,長崎県東彼杵郡
42007A,長崎県東彼杵郡川棚町
42007B,長崎県東彼杵郡波佐見町
42007C,長崎県東彼杵郡東彼杵町
42008,長崎県南高来郡
42008A,長崎県南高来郡愛野町
42008B,長崎県南高来郡吾妻町
42008C,長崎県南高来郡有明町
42008D,長崎県南高来郡加津佐町
42008E,長崎県南高来郡北有馬町
42008F,長崎県南高来郡口之津町
42008G,長崎県南高来郡国見町
42008H,長崎県南高来郡千々石町
42008I,長崎県南高来郡西有家町
42008J,長崎県南高来郡深江町
42008K,長崎県南高来郡布津町
42008L,長崎県南高来郡瑞穂町
42008M,長崎県南高来郡南串山町
42008N,長崎県南高来郡有家町
42008O,長崎県南高来郡小浜町
42008P,長崎県南高来郡南有馬町
42009,長崎県南松浦郡
42009A,長崎県南松浦郡富江町
42009B,長崎県南松浦郡奈留町
42009C,長崎県南松浦郡三井楽町
42009D,長崎県南松浦郡有川町
42009E,長崎県南松浦郡上五島町
42009F,長崎県南松浦郡岐宿町
42009G,長崎県南松浦郡新魚目町
42009H,長崎県南松浦郡玉之浦町
42009I,長崎県南松浦郡奈良尾町
42009J,長崎県南松浦郡若松町
42009K,長崎県南松浦郡新上五島町
4201,長崎県長崎市
4202,長崎県佐世保市
4203,長崎県島原市
4204,長崎県諫早市
4205,長崎県大村市
4206,長崎県福江市
4207,長崎県平戸市
4208,長崎県松浦市
4209,長崎県対馬市
4210,長崎県壱岐市
4211,長崎県五島市
4212,長崎県西海市
4213,長崎県雲仙市
4214,長崎県南島原市
43001,熊本県葦北郡
43001A,熊本県葦北郡田浦町
43001B,熊本県葦北郡津奈木町
43001C,熊本県葦北郡芦北町
43002,熊本県阿蘇郡
43002A,熊本県阿蘇郡一の宮町
43002B,熊本県阿蘇郡産山村
43002C,熊本県阿蘇郡小国町
43002D,熊本県阿蘇郡久木野村
43002E,熊本県阿蘇郡波野村
43002F,熊本県阿蘇郡南小国町
43002G,熊本県阿蘇郡阿蘇町
43002H,熊本県阿蘇郡蘇陽町
43002I,熊本県阿蘇郡高森町
43002J,熊本県阿蘇郡長陽村
43002K,熊本県阿蘇郡西原村
43002L,熊本県阿蘇郡白水村
43002M,熊本県阿蘇郡南阿蘇村
43003,熊本県天草郡
43003A,熊本県天草郡倉岳町
43003B,熊本県天草郡御所浦町
43003C,熊本県天草郡栖本町
43003D,熊本県天草郡姫戸町
43003E,熊本県天草郡龍ヶ岳町
43003F,熊本県天草郡天草町
43003G,熊本県天草郡有明町
43003H,熊本県天草郡五和町
43003I,熊本県天草郡大矢野町
43003J,熊本県天草郡河浦町
43003K,熊本県天草郡新和町
43003L,熊本県天草郡松島町
43003M,熊本県天草郡苓北町
43004,熊本県宇土郡
43004A,熊本県宇土郡不知火町
43004B,熊本県宇土郡三角町
43005,熊本県上益城郡
43005A,熊本県上益城郡嘉島町
43005B,熊本県上益城郡清和村
43005C,熊本県上益城郡甲佐町
43005D,熊本県上益城郡益城町
43005E,熊本県上益城郡御船町
43005F,熊本県上益城郡矢部町
43005G,熊本県上益城郡山都町
43006,熊本県鹿本郡
43006A,熊本県鹿本郡鹿央町
43006B,熊本県鹿本郡鹿北町
43006C,熊本県鹿本郡鹿本町
43006D,熊本県鹿本郡菊鹿町
43006E,熊本県鹿本郡植木町
43007,熊本県菊池郡
43007A,熊本県菊池郡菊陽町
43007B,熊本県菊池郡旭志村
43007C,熊本県菊池郡合志町
43007D,熊本県菊池郡泗水町
43007E,熊本県菊池郡七城町
43007F,熊本県菊池郡西合志町
43007G,熊本県菊池郡大津町
43008,熊本県球磨郡
43008A,熊本県球磨郡五木村
43008B,熊本県球磨郡上村
43008C,熊本県球磨郡岡原村
43008D,熊本県球磨郡須恵村
43008E,熊本県球磨郡多良木町
43008F,熊本県球磨郡錦町
43008G,熊本県球磨郡深田村
43008H,熊本県球磨郡水上村
43008I,熊本県球磨郡免田町
43008J,熊本県球磨郡山江村
43008K,熊本県球磨郡湯前町
43008L,熊本県球磨郡球磨村
43008M,熊本県球磨郡相良村
43008N,熊本県球磨郡あさぎり町
43009,熊本県下益城郡
43009A,熊本県下益城郡城南町
43009B,熊本県下益城郡富合町
43009C,熊本県下益城郡豊野町
43009D,熊本県下益城郡松橋町
43009E,熊本県下益城郡小川町
43009F,熊本県下益城郡中央町
43009G,熊本県下益城郡砥用町
43009H,熊本県下益城郡美里町
4301,熊本県熊本市
43010,熊本県玉名郡
430101,熊本市中央区
430102,熊本市東区
430103,熊本市西区
430104,熊本市南区
430105,熊本市北区
43010A,熊本県玉名郡菊水町
43010B,熊本県玉名郡玉東町
43010C,熊本県玉名郡岱明町
43010D,熊本県玉名郡天水町
43010E,熊本県玉名郡長洲町
43010F,熊本県玉名郡横島町
43010G,熊本県玉名郡南関町
43010H,熊本県玉名郡三加和町
43010I,熊本県玉名郡和水町
43011,熊本県飽託郡
43011A,熊本県飽託郡河内町
43011B,熊本県飽託郡天明町
43011C,熊本県飽託郡北部町
43011D,熊本県飽託郡飽田町
43012,熊本県八代郡
43012A,熊本県八代郡千丁町
43012B,熊本県八代郡東陽村
43012C,熊本県八代郡泉村
43012D,熊本県八代郡鏡町
43012E,熊本県八代郡坂本村
43012F,熊本県八代郡宮原町
43012G,熊本県八代郡竜北町
43012H,熊本県八代郡氷川町
4302,熊本県八代市
4303,熊本県人吉市
4304,熊本県荒尾市
4305,熊本県水俣市
4306,熊本県玉名市
4307,熊本県本渡市
4308,熊本県山鹿市
4309,熊本県牛深市
4310,熊本県菊池市
4311,熊本県宇土市
4312,熊本県上天草市
4313,熊本県宇城市
4314,熊本県阿蘇市
4315,熊本県天草市
4316,熊本県合志市
44001,大分県宇佐郡
44001A,大分県宇佐郡安心院町
44001B,大分県宇佐郡院内町
44002,大分県大分郡
44002A,大分県大分郡庄内町
44002B,大分県大分郡野津原町
44002C,大分県大分郡挾間町
44002D,大分県大分郡湯布院町
44003,大分県大野郡
44003A,大分県大野郡犬飼町
44003B,大分県大野郡千歳村
44003C,大分県大野郡朝地町
44003D,大分県大野郡大野町
44003E,大分県大野郡緒方町
44003F,大分県大野郡清川村
44003G,大分県大野郡野津町
44003H,大分県大野郡三重町
44004,大分県北海部郡
44004A,大分県北海部郡佐賀関町
44005,大分県玖珠郡
44005A,大分県玖珠郡玖珠町
44005B,大分県玖珠郡九重町
44006,大分県下毛郡
44006A,大分県下毛郡三光村
44006B,大分県下毛郡本耶馬渓町
44006C,大分県下毛郡耶馬渓町
44006D,大分県下毛郡山国町
44007,大分県直入郡
44007A,大分県直入郡荻町
44007B,大分県直入郡直入町
44007C,大分県直入郡久住町
44008,大分県西国東郡
44008A,大分県西国東郡香々地町
44008B,大分県西国東郡真玉町
44008C,大分県西国東郡大田村
44009,大分県速見郡
44009A,大分県速見郡日出町
44009B,大分県速見郡山香町
4401,大分県大分市
44010,大分県東国東郡
44010A,大分県東国東郡姫島村
44010B,大分県東国東郡武蔵町
44010C,大分県東国東郡安岐町
44010D,大分県東国東郡国東町
44010E,大分県東国東郡国見町
44011,大分県日田郡
44011A,大分県日田郡大山町
44011B,大分県日田郡上津江村
44011C,大分県日田郡天瀬町
44011D,大分県日田郡中津江村
44011E,大分県日田郡前津江村
44012,大分県南海部郡
44012A,大分県南海部郡上浦町
44012B,大分県南海部郡直川村
44012C,大分県南海部郡弥生町
44012D,大分県南海部郡宇目町
44012E,大分県南海部郡蒲江町
44012F,大分県南海部郡鶴見町
44012G,大分県南海部郡本匠村
44012H,大分県南海部郡米水津村
4402,大分県別府市
4403,大分県中津市
4404,大分県日田市
4405,大分県佐伯市
4406,大分県臼杵市
4407,大分県津久見市
4408,大分県竹田市
4409,大分県鶴崎市
4410,大分県豊後高田市
4411,大分県杵築市
4412,大分県宇佐市
4413,大分県豊後大野市
4414,大分県由布市
4415,大分県国東市
45001,宮崎県北諸県郡
45001A,宮崎県北諸県郡高崎町
45001B,宮崎県北諸県郡三股町
45001C,宮崎県北諸県郡山田町
45001D,宮崎県北諸県郡高城町
45001E,宮崎県北諸県郡山之口町
45002,宮崎県児湯郡
45002A,宮崎県児湯郡川南町
45002B,宮崎県児湯郡高鍋町
45002C,宮崎県児湯郡都農町
45002D,宮崎県児湯郡木城町
45002E,宮崎県児湯郡新富町
45002F,宮崎県児湯郡西米良村
45003,宮崎県西臼杵郡
45003A,宮崎県西臼杵郡五ヶ瀬町
45003B,宮崎県西臼杵郡高千穂町
45003C,宮崎県西臼杵郡日之影町
45004,宮崎県西諸県郡
45004A,宮崎県西諸県郡高原町
45004B,宮崎県西諸県郡須木村
45004C,宮崎県西諸県郡野尻町
45005,宮崎県東臼杵郡
45005A,宮崎県東臼杵郡南郷村
45005B,宮崎県東臼杵郡門川町
45005C,宮崎県東臼杵郡北浦町
45005D,宮崎県東臼杵郡北方町
45005E,宮崎県東臼杵郡北川町
45005F,宮崎県東臼杵郡北郷村
45005G,宮崎県東臼杵郡西郷村
45005H,宮崎県東臼杵郡椎葉村
45005I,宮崎県東臼杵郡東郷町
45005J,宮崎県東臼杵郡諸塚村
45005K,宮崎県東臼杵郡美郷町
45006,宮崎県東諸県郡
45006A,宮崎県東諸県郡綾町
45006B,宮崎県東諸県郡国富町
45006C,宮崎県東諸県郡高岡町
45007,宮崎県南那珂郡
45007A,宮崎県南那珂郡北郷町
45007B,宮崎県南那珂郡南郷町
45008,宮崎県宮崎郡
45008A,宮崎県宮崎郡清武町
45008B,宮崎県宮崎郡田野町
45008C,宮崎県宮崎郡佐土原町
4501,宮崎県宮崎市
4502,宮崎県都城市
4503,宮崎県延岡市
4504,宮崎県日南市
4505,宮崎県小林市
4506,宮崎県日向市
4507,宮崎県串間市
4508,宮崎県西都市
4509,宮崎県えびの市
46001,鹿児島県姶良郡
46001A,鹿児島県姶良郡蒲生町
46001B,鹿児島県姶良郡栗野町
46001C,鹿児島県姶良郡隼人町
46001D,鹿児島県姶良郡福山町
46001E,鹿児島県姶良郡溝辺町
46001F,鹿児島県姶良郡横川町
46001G,鹿児島県姶良郡吉松町
46001H,鹿児島県姶良郡姶良町
46001I,鹿児島県姶良郡加治木町
46001J,鹿児島県姶良郡霧島町
46001K,鹿児島県姶良郡牧園町
46001L,鹿児島県姶良郡湧水町
46002,鹿児島県伊佐郡
46002A,鹿児島県伊佐郡菱刈町
46003,鹿児島県出水郡
46003A,鹿児島県出水郡高尾野町
46003B,鹿児島県出水郡野田町
46003C,鹿児島県出水郡東町
46003D,鹿児島県出水郡長島町
46004,鹿児島県揖宿郡
46004A,鹿児島県揖宿郡開聞町
46004B,鹿児島県揖宿郡喜入町
46004C,鹿児島県揖宿郡頴娃町
46004D,鹿児島県揖宿郡山川町
46005,鹿児島県大島郡
46005A,鹿児島県大島郡知名町
46005B,鹿児島県大島郡与論町
46005C,鹿児島県大島郡和泊町
46005D,鹿児島県大島郡天城町
46005E,鹿児島県大島郡伊仙町
46005F,鹿児島県大島郡宇検村
46005G,鹿児島県大島郡笠利町
46005H,鹿児島県大島郡喜界町
46005I,鹿児島県大島郡住用村
46005J,鹿児島県大島郡瀬戸内町
46005K,鹿児島県大島郡龍郷町
46005L,鹿児島県大島郡徳之島町
46005M,鹿児島県大島郡大和村
46006,鹿児島県鹿児島郡
46006A,鹿児島県鹿児島郡桜島町
46006B,鹿児島県鹿児島郡三島村
46006C,鹿児島県鹿児島郡吉田町
46006D,鹿児島県鹿児島郡十島村
46007,鹿児島県川辺郡
46007A,鹿児島県川辺郡笠沙町
46007B,鹿児島県川辺郡大浦町
46007C,鹿児島県川辺郡川辺町
46007D,鹿児島県川辺郡知覧町
46007E,鹿児島県川辺郡坊津町
46008,鹿児島県肝属郡
46008A,鹿児島県肝属郡吾平町
46008B,鹿児島県肝属郡大根占町
46008C,鹿児島県肝属郡串良町
46008D,鹿児島県肝属郡佐多町
46008E,鹿児島県肝属郡田代町
46008F,鹿児島県肝属郡根占町
46008G,鹿児島県肝属郡東串良町
46008H,鹿児島県肝属郡内之浦町
46008I,鹿児島県肝属郡高山町
46008J,鹿児島県肝属郡錦江町
46008K,鹿児島県肝属郡南大隅町
46008L,鹿児島県肝属郡肝付町
46009,鹿児島県熊毛郡
46009A,鹿児島県熊毛郡南種子町
46009B,鹿児島県熊毛郡上屋久町
46009C,鹿児島県熊毛郡中種子町
46009D,鹿児島県熊毛郡屋久町
46009E,鹿児島県熊毛郡屋久島町
4601,鹿児島県鹿児島市
46010,鹿児島県薩摩郡
46010A,鹿児島県薩摩郡入来町
46010B,鹿児島県薩摩郡鹿島村
46010C,鹿児島県薩摩郡祁答院町
46010D,鹿児島県薩摩郡里村
46010E,鹿児島県薩摩郡鶴田町
46010F,鹿児島県薩摩郡東郷町
46010G,鹿児島県薩摩郡上甑村
46010H,鹿児島県薩摩郡薩摩町
46010I,鹿児島県薩摩郡下甑村
46010J,鹿児島県薩摩郡樋脇町
46010K,鹿児島県薩摩郡宮之城町
46010L,鹿児島県薩摩郡さつま町
46011,鹿児島県曽於郡
46011A,鹿児島県曽於郡財部町
46011B,鹿児島県曽於郡松山町
46011C,鹿児島県曽於郡有明町
46011D,鹿児島県曽於郡大崎町
46011E,鹿児島県曽於郡大隅町
46011F,鹿児島県曽於郡輝北町
46011G,鹿児島県曽於郡志布志町
46011H,鹿児島県曽於郡末吉町
46012,鹿児島県日置郡
46012A,鹿児島県日置郡市来町
46012B,鹿児島県日置郡郡山町
46012C,鹿児島県日置郡松元町
46012D,鹿児島県日置郡伊集院町
46012E,鹿児島県日置郡金峰町
46012F,鹿児島県日置郡東市来町
46012G,鹿児島県日置郡日吉町
46012H,鹿児島県日置郡吹上町
4602,鹿児島県川内市
4603,鹿児島県鹿屋市
4604,鹿児島県枕崎市
4605,鹿児島県串木野市
4606,鹿児島県阿久根市
4607,鹿児島県出水市
4608,鹿児島県名瀬市
4609,鹿児島県大口市
4610,鹿児島県指宿市
4611,鹿児島県加世田市
4612,鹿児島県国分市
4613,鹿児島県谷山市
4614,鹿児島県西之表市
4615,鹿児島県垂水市
4616,鹿児島県薩摩川内市
4617,鹿児島県日置市
4618,鹿児島県曽於市
4619,鹿児島県霧島市
4620,鹿児島県いちき串木野市
4621,鹿児島県南さつま市
4622,鹿児島県志布志市
4623,鹿児島県奄美市
4624,鹿児島県南九州市
4625,鹿児島県伊佐市
4626,鹿児島県姶良市
47001,沖縄県国頭郡
47001A,沖縄県国頭郡伊江村
47001B,沖縄県国頭郡大宜味村
47001C,沖縄県国頭郡恩納村
47001D,沖縄県国頭郡宜野座村
47001E,沖縄県国頭郡金武町
47001F,沖縄県国頭郡今帰仁村
47001G,沖縄県国頭郡東村
47001H,沖縄県国頭郡国頭村
47001I,沖縄県国頭郡本部町
47002,沖縄県島尻郡
47002A,沖縄県島尻郡粟国村
47002B,沖縄県島尻郡伊是名村
47002C,沖縄県島尻郡伊平屋村
47002D,沖縄県島尻郡大里村
47002E,沖縄県島尻郡北大東村
47002F,沖縄県島尻郡具志頭村
47002G,沖縄県島尻郡東風平町
47002H,沖縄県島尻郡佐敷町
47002I,沖縄県島尻郡玉城村
47002J,沖縄県島尻郡知念村
47002K,沖縄県島尻郡渡嘉敷村
47002L,沖縄県島尻郡渡名喜村
47002M,沖縄県島尻郡豊見城村
47002N,沖縄県島尻郡南風原町
47002O,沖縄県島尻郡南大東村
47002P,沖縄県島尻郡与那原町
47002Q,沖縄県島尻郡具志川村
47002R,沖縄県島尻郡座間味村
47002S,沖縄県島尻郡仲里村
47002T,沖縄県島尻郡久米島町
47002U,沖縄県島尻郡八重瀬町
47003,沖縄県中頭郡
47003A,沖縄県中頭郡勝連町
47003B,沖縄県中頭郡嘉手納町
47003C,沖縄県中頭郡北中城村
47003D,沖縄県中頭郡北谷町
47003E,沖縄県中頭郡中城村
47003F,沖縄県中頭郡西原町
47003G,沖縄県中頭郡読谷村
47003H,沖縄県中頭郡与那城町
47004,沖縄県宮古郡
47004A,沖縄県宮古郡伊良部町
47004B,沖縄県宮古郡上野村
47004C,沖縄県宮古郡城辺町
47004D,沖縄県宮古郡下地町
47004E,沖縄県宮古郡多良間村
47005,沖縄県八重山郡
47005A,沖縄県八重山郡与那国町
47005B,沖縄県八重山郡竹富町
4701,沖縄県那覇市
4702,沖縄県石川市
4703,沖縄県平良市
4704,沖縄県石垣市
4705,沖縄県コザ市
4706,沖縄県宜野湾市
4707,沖縄県具志川市
4708,沖縄県名護市
4709,沖縄県浦添市
4710,沖縄県糸満市
4711,沖縄県沖縄市
4712,沖縄県豊見城市
4713,沖縄県うるま市
4714,沖縄県宮古島市
4715,沖縄県南城市